25743,1304
25743,1370
25743,1372
25743,11262
25743,16358
25743,30500
25743,33886
25743,35846
25743,56714
25743,57414
25743,62074
25743,63188
25743,63510
25749,124
25749,1304
25749,1370
25749,1372
25749,3382
25749,10652
25749,11262
25749,16358
25749,30500
25749,33886
25749,34092
25749,35732
25749,35846
25749,39186
25749,48980
25749,50274
25749,50720
25749,53160
25749,54096
25749,56714
25749,57414
25749,57804
25749,59394
25749,59396
25749,61280
25749,62074
25749,62944
25749,63136
25749,63188
25749,63360
25749,63510
25749,63540
56868,1370
56868,1372
56871,1370
56871,10652
56871,11262
56871,30500
56871,56714
59691,1370
59691,11262
59691,30500
59700,1370
59700,11262
59700,30500
59700,35846
59700,56714
59700,57414
59703,1304
59703,1370
59703,11262
59703,33886
59703,35732
59703,56714
59703,57414
59703,63510
60762,36720
60762,50274
60762,57804
60864,1304
60864,1370
60864,11262
60864,16358
60864,35732
60864,56714
60864,57414
60864,63188
60870,124
60870,11262
60870,30500
60888,1304
60888,1370
60888,1372
60888,10652
60888,11262
60888,30500
60888,35732
60888,39186
60888,50274
60888,54096
60888,56714
60888,57414
60888,59396
60888,61280
60888,62944
60888,63360
60888,63510
60888,63540
61305,1370
61305,56714
61305,57414
61344,1304
61344,1370
61344,11262
61344,30500
61344,33886
61344,35846
61344,39186
61344,56714
61344,57414
61344,63510
61482,1304
61482,1370
61482,11262
61482,30500
61482,50274
61482,53160
61482,54096
61482,56714
61482,57414
61482,61280
61692,1304
61692,1370
61692,1372
61692,10652
61692,11262
61692,16358
61692,33886
61692,35846
61692,39186
61692,50274
61692,50720
61692,56714
61692,57414
61692,59396
61692,61280
61692,62944
61692,63188
61692,63360
61824,1304
61824,1370
61824,11262
61824,57414
61899,1370
61899,10652
61899,11262
61899,30500
61899,35732
61899,35846
61899,39186
61899,54096
61899,56714
61899,57804
61899,59394
61899,59396
61902,1370
61908,1304
61908,1370
61908,11262
61908,16358
61908,56714
61935,1370
61977,11262
61977,30500
61977,33886
61977,56714
61977,62074
62337,1304
62337,10808
62337,11262
62337,30500
62337,36720
62337,50274
62337,56714
62337,57414
62337,57804
62337,59396
62337,62944
62811,30500
62817,1304
62817,1370
62817,10652
62817,11262
62817,16358
62817,30500
62817,35732
62817,53160
62817,54096
62817,56714
62817,57414
62817,57804
62817,62944
62817,63360
62817,63510
63582,1304
63582,11262
63582,33886
63582,56714
63582,57414
63582,62074
63582,63510
63690,1304
63690,1370
63690,11262
63690,33886
63690,35732
63690,56714
63690,57414
63690,62074
63867,1304
63867,1370
63867,11262
63867,56714
63867,57414
63867,63510
63873,1304
63873,1370
63873,11262
63876,1304
64218,1304
64218,1370
64218,56714
64272,1304
64272,1370
64272,1372
64272,11262
64272,62944
64299,1304
64299,1370
64299,1372
64299,11262
64299,30500
64299,33886
64299,35732
64299,50718
64299,56714
64299,63510
64353,1304
64353,1370
64353,1372
64353,10652
64353,11262
64353,33886
64353,57414
64353,63510
64365,1370
64365,50274
64365,56714
64734,1304
64734,1370
64734,1372
64734,10652
64734,11262
64734,35732
64734,57414
64845,1304
64845,1370
64845,11262
64860,11262
64893,1304
64893,1370
64893,11262
64893,33886
64959,1304
64959,1370
64959,11262
64959,57414
64959,63510
65052,1304
65052,1370
65052,11262
65058,1370
65058,11262
65058,56714
65058,57414
65058,63510
65067,1370
65067,10652
65313,1370
65313,1372
65313,39186
65328,1304
65577,63360
65631,1304
65631,1370
65631,11262
65640,1304
65640,1370
65640,1372
65640,10652
65640,11262
65640,30500
65640,35732
65640,56714
65640,57414
65640,63188
65640,63510
66033,1370
66054,1370
66054,11262
66054,30500
66336,1370
66336,56714
66378,1304
66378,10652
66378,11262
66378,30500
66378,33886
66378,39186
66378,56714
66378,57414
66378,59396
66378,62074
66378,62944
66378,63360
66378,63510
66465,1304
66465,1370
66465,10652
66465,11262
66465,30500
66465,35732
66465,39186
66465,56714
66465,57414
66465,62944
66465,63510
66777,1304
66777,1370
66777,1372
66777,10652
66777,11262
66777,30500
66777,33886
66777,56714
66777,57414
66777,63188
66777,63360
66777,63510
66843,1304
66843,1370
66843,10652
66843,11262
66843,30500
66843,33886
66843,39186
66843,54096
66843,56714
66843,57414
66843,62944
66843,63510
66879,1304
66879,1370
66879,1372
66879,11262
66879,30500
66879,56714
66879,57414
66879,63188
66915,1370
66915,11262
66918,1304
66918,1370
66924,1304
66924,1370
66924,11262
66924,57414
67056,1370
67158,1370
67158,11262
67314,1370
67335,1304
67371,1304
67371,35732
67371,35846
67740,11262
67764,1370
67764,11262
67827,1304
67827,1370
68496,1304
68496,1370
68496,11262
68496,30500
68496,49888
68496,50718
68496,57414
68496,63510
68568,1370
68676,1304
68676,1370
68676,11262
68676,33886
68676,56714
68676,57414
68676,63510
69060,1370
69060,56714
69060,57414
69249,1370
69249,30500
71271,124
71271,1304
71271,1370
71271,1372
71271,3382
71271,10652
71271,10808
71271,11262
71271,11490
71271,30500
71271,33886
71271,34092
71271,35732
71271,36720
71271,39186
71271,48298
71271,48980
71271,50272
71271,50274
71271,50720
71271,53160
71271,53386
71271,54096
71271,54290
71271,56714
71271,57414
71271,57804
71271,59396
71271,62944
71271,63136
71271,63360
71271,63510
71274,124
71274,1304
71274,1370
71274,1372
71274,3382
71274,10652
71274,11262
71274,30500
71274,33886
71274,34092
71274,35732
71274,36720
71274,39186
71274,50272
71274,50274
71274,53160
71274,54096
71274,54290
71274,56714
71274,57414
71274,57804
71274,59396
71274,61280
71274,62944
71274,63136
71274,63360
71274,63510
71301,1304
71301,1370
71301,11262
71301,57414
71409,1304
71409,1370
71409,16358
71766,1304
71766,1370
71766,1372
71766,10652
71766,11262
71766,30500
71766,35732
71766,39186
71766,54096
71766,56714
71766,57414
71766,63510
72045,1304
72045,1370
72045,1372
72045,10652
72045,11262
72045,16358
72045,30500
72045,35732
72045,39186
72045,53160
72045,56714
72045,57414
72045,62074
72045,63188
72045,63510
72108,1304
72108,1370
72108,11262
72117,1304
72117,1370
72117,1372
72117,11262
72117,30500
72117,54096
72117,56714
72117,57414
72117,63188
72312,1370
72483,1370
72483,10652
72483,11262
72483,30500
72483,33886
72483,35732
72483,39186
72483,50274
72483,50718
72483,53160
72483,56696
72483,56714
72483,57414
72483,59396
72483,62944
72483,63510
72558,1304
72558,1370
72558,10652
72558,11262
72558,30500
72558,56714
72558,57414
72558,62074
72558,63510
72561,1304
72561,1370
72561,11262
72561,57414
72645,1304
72645,1370
72645,11262
72645,33886
72645,57414
72900,1304
72900,1370
72900,11262
72900,30500
72900,33886
72900,34092
72900,35732
72900,56714
72900,57414
72900,62074
72900,63510
72918,1304
72918,1370
72918,1372
72918,10652
72918,11262
72918,33886
72918,56714
72918,57414
72918,63510
72930,1304
72930,1370
72930,1372
72930,10652
72930,11262
72930,30500
72930,32496
72930,33886
72930,35732
72930,39186
72930,50274
72930,53160
72930,54096
72930,56714
72930,57414
72930,57804
72930,59396
72930,62074
72930,62944
72930,63188
72930,63360
72930,63510
72930,63538
75723,1304
75723,1370
75723,11262
75723,35732
75723,35846
75723,56696
77484,1304
77484,1370
77484,10652
77484,11262
77484,30500
77484,33886
77484,35732
77484,35846
77484,39186
77484,54096
77484,56714
77484,57414
77484,62074
77484,62944
77484,63510
80925,11262
88821,1370
88821,11262
88821,30500
88821,35846
88821,39186
88821,48298
88821,53160
88821,62074
88821,62944
88821,63188
88920,1304
88920,1370
88920,1372
88920,10652
88920,10808
88920,11262
88920,30500
88920,33886
88920,35732
88920,39186
88920,54096
88920,56714
88920,57414
88920,57804
88920,59396
88920,62944
88920,63510
89013,1370
89013,11262
89013,30500
89013,56714
96138,1370
96138,11262
96138,35732
96444,1304
96444,1370
96444,10652
96444,11262
96444,30500
96444,33886
96444,39186
96444,56714
96444,57414
96444,62074
96444,63510
123150,1304
123150,1370
128334,1370
128334,11262
128334,30500
128334,63188
128469,1304
128469,1370
128469,11262
128469,30500
128469,56714
128469,57414
128469,62074
128469,63510
128502,1304
128502,1370
128502,1372
128502,10652
128502,11262
128502,30500
128502,33886
128502,34092
128502,39186
128502,50274
128502,54096
128502,57414
128502,59396
128502,62074
128502,62944
128502,63510
128526,124
128526,1370
128526,1372
128526,10652
128526,11262
128526,16358
128526,30500
128526,32496
128526,33886
128526,35732
128526,39186
128526,50274
128526,53160
128526,56714
128526,57414
128526,57804
128526,59396
128526,61280
128526,62944
128526,63136
128526,63360
128526,63418
128526,63510
128538,1304
128538,1370
128538,1372
128538,10652
128538,11262
128538,30500
128538,39186
128538,56714
128538,57414
128538,62860
128538,63510
128604,1304
128604,1370
128604,11262
128604,30500
128604,56714
128604,57414
128685,1370
128763,1370
128763,30500
128901,1304
128901,1370
128901,11262
128901,30500
128901,56714
128901,57414
129081,1304
129081,1370
129081,1372
129081,10652
129081,11262
129081,16358
129081,30500
129081,35732
129081,35846
129081,50274
129081,54096
129081,56714
129081,57414
129081,62074
129081,62944
129081,63360
129135,1304
129135,1370
129135,1372
129135,11262
129135,30500
129135,49888
129135,54096
129135,56714
129135,57414
129135,63188
129135,63510
129153,1304
129153,11262
129153,30500
129153,35846
129153,56714
129153,57414
129153,63510
129204,1304
129204,11262
129204,30500
129204,57414
129264,1304
129264,1370
129264,11262
129264,35846
129264,50718
129264,57414
129264,62074
139272,1304
139272,10652
139272,11262
139272,30500
139272,33886
139272,56714
139272,57414
140277,1370
140277,11262
140277,16358
148782,30500
148782,33886
148782,57414
148782,63510
149634,1304
149634,10652
149634,11262
149634,30500
149634,57414
153024,1304
153048,1304
153048,1370
153048,1372
153048,11262
153048,35732
153048,56714
153048,57414
153048,62074
153048,63188
153072,1304
153072,1370
153084,1304
153084,1370
153084,1372
153084,11262
153084,33886
153084,35732
153084,57414
153138,1304
153138,1370
153138,11262
153138,33886
153138,35732
153138,56714
153138,57414
153141,1304
153141,11262
153141,30500
153150,1304
153150,1370
153150,11262
153150,56714
153204,1304
153204,1370
153204,10652
153204,11262
153204,30500
153204,39186
153204,57414
153279,1304
153279,1370
153279,11262
153279,35732
153288,56714
153303,124
153303,1304
153303,1370
153303,1372
153303,10652
153303,11262
153303,30500
153303,33886
153303,35732
153303,35846
153303,56714
153303,57414
153303,62944
153303,63188
153303,63510
153309,1304
153309,1370
153312,1304
153312,1370
153312,10652
153312,11262
153312,30500
153312,35732
153312,54096
153312,56714
153312,57414
153312,63510
153315,1304
153315,1370
153315,10652
153315,11262
153315,57414
153348,30500
153381,1370
153381,1372
153381,11490
153381,33886
153381,56714
153381,57414
153402,1304
153402,1370
153402,11262
153402,57414
153423,1370
153438,1304
153438,1370
153438,1372
153438,11262
153438,57414
153600,1372
153600,11262
153600,57414
153642,1304
153642,1370
153645,1370
153645,11262
153669,63186
153720,1370
153756,1304
153756,1370
153756,11262
153756,30500
153756,35846
153756,56714
153756,57414
153756,62074
153756,63186
153765,1370
153765,10652
153792,1304
153792,1370
153792,10652
153792,11262
153792,33886
153792,34092
153792,35732
153792,62944
153867,1304
153867,1370
153867,33886
153867,56714
153867,57414
153867,63188
153885,1304
153885,1370
153885,1372
153885,11262
153885,30500
153885,35732
153885,56714
153885,57414
153885,63188
153888,1370
153888,11262
153888,57414
153960,1370
153960,1372
153960,11262
153960,30500
153960,57414
153999,1370
153999,11262
154011,1304
154011,1370
154011,11262
154011,30500
154011,56714
154032,1304
154032,1370
154032,35732
154032,35846
154032,56696
154032,57414
154035,1370
154041,1304
154041,1370
154041,11262
154041,35732
154041,56714
154068,124
154068,1304
154068,1370
154068,1372
154068,11262
154068,57414
154077,1304
154077,1370
154077,11262
154077,30500
154077,56714
154077,57414
154098,1304
154098,1370
154098,11262
154098,30500
154113,1304
154113,11262
154119,1370
154119,1372
154119,11262
154119,39186
154119,63188
154146,1304
154146,1370
154146,33886
154146,56714
154146,57414
154146,62074
154167,1304
154167,1370
154167,1372
154167,10808
154167,11262
154167,30500
154167,39186
154167,57414
154167,62074
154167,63188
154167,63360
154167,63510
154245,1304
154245,1370
154245,11262
154275,1304
154275,1370
154275,11262
154275,30500
154275,33886
154275,56714
154275,57414
154383,1370
154404,1370
154404,57414
154434,1370
154434,1372
154473,1304
154473,1370
154473,56714
154476,1304
154476,1370
154476,35732
154476,57414
154485,1370
154485,11262
154485,35732
154485,57414
154494,1304
154494,1370
154494,1372
154494,10652
154494,11262
154494,33886
154494,35732
154494,57414
154506,1370
154506,57414
154509,1304
154509,1370
154509,11262
154518,1304
154518,1370
154542,1370
154542,11262
154542,57414
154551,1304
154551,1370
154551,1372
154551,11262
154551,33886
154551,63510
154560,1304
154560,11262
154560,30500
154578,1304
154578,1370
154578,1372
154578,11262
154578,16358
154578,30500
154578,56714
154578,57414
154578,62074
154578,63510
154665,1304
154665,1370
154665,1372
154665,57414
154698,60
154698,10808
154698,36720
154698,50274
154698,51316
154698,56714
154698,57804
154707,124
154707,1370
154707,1372
154707,11262
154707,30500
154707,33534
154707,35732
154707,49888
154707,50718
154707,54096
154707,56714
154707,57414
154707,61280
154707,63188
154707,63510
154713,1370
154713,11262
154713,30500
154740,11262
154740,56714
154743,1304
154743,1370
154743,1372
154743,56714
154743,63188
154758,1304
154758,1370
154758,11262
154758,33886
154758,35846
154770,1304
154770,1370
154770,1372
154770,56714
154770,57414
154770,63510
154779,30500
154779,57414
154797,124
154797,1304
154797,1370
154797,1372
154797,10652
154797,11262
154797,30500
154797,33886
154797,35732
154797,39186
154797,54096
154797,57414
154797,63360
154797,63510
154803,1304
154803,1370
154803,1372
154803,35732
154803,63188
154821,1370
154821,11262
154821,30500
154821,56714
154827,1370
154827,11262
154869,1304
154869,1370
154869,1372
154869,11262
154881,1304
154881,1370
154881,1372
154881,10652
154881,11262
154881,39186
154881,54096
154881,56714
154881,57414
154881,62074
154881,62944
154881,63188
154887,1370
154887,1372
154887,56714
154890,1304
154890,1370
154890,1372
154890,11262
154890,11490
154890,30500
154890,33886
154890,34092
154890,35846
154890,39186
154890,50274
154890,53160
154890,56714
154890,57414
154890,59396
154890,61280
154890,62944
154890,63510
154953,11262
154956,1304
154956,1370
154956,11262
154956,30500
154956,35732
154956,57414
154956,63186
154998,11262
154998,35732
155016,1370
155016,57414
155031,1372
155031,57414
155031,63188
155034,1304
155034,1370
155043,1370
155052,1370
155055,1304
155055,1370
155055,56714
155055,57414
155085,1304
155085,1370
155085,10652
155085,30500
155085,56714
155085,63510
155097,1304
155097,1370
155097,11262
155097,16358
155097,35732
155097,56714
155097,57414
155097,63188
155100,1304
155100,1370
155106,1370
155106,11262
155106,33886
155271,1370
155337,1304
155337,1370
155337,11262
155388,1304
155388,1370
155388,11262
155388,35732
155388,57414
155403,1304
155403,1370
155403,11262
155403,56714
155403,63510
155481,1304
155481,35846
155556,1304
155556,1370
155556,10652
155556,11262
155556,30500
155556,33886
155556,56714
155556,57414
155556,63510
156024,1370
156024,57414
156057,1304
156057,1370
156057,1372
156057,10652
156057,11262
156057,30500
156057,39186
156057,50274
156057,53160
156057,54096
156057,56714
156057,57414
156057,57804
156057,59394
156057,59396
156057,62944
156057,63136
156057,63188
156057,63360
156057,63510
156057,63540
156063,1304
156063,1370
156063,10808
156063,30500
156063,35846
156063,56714
156225,1370
156486,1304
156486,1370
156486,1372
156486,10652
156486,11262
156486,30500
156486,35846
156486,39186
156486,56714
156486,62074
156486,63510
156489,1304
156489,1370
156489,33886
157185,1304
157185,1370
157185,11262
157185,30500
157185,56714
157185,57414
157224,1304
157224,1370
157224,1372
157224,10652
157224,11262
157224,16358
157224,30500
157224,35732
157224,35846
157224,50274
157224,56714
157224,57414
157224,59396
157224,62074
157224,62944
157224,63510
157236,1370
157398,1304
157398,1370
157398,11262
157398,33886
157398,35846
157398,56714
157398,57414
157416,1304
157416,1370
157416,11262
157416,56714
157500,1304
157500,1370
157500,1372
157500,10652
157500,11262
157500,30500
157500,33886
157500,35732
157500,39186
157500,54096
157500,56714
157500,57414
157500,62074
157500,62944
157500,63188
157500,63360
157500,63510
157680,1304
157680,1370
157680,62074
157767,1304
157767,1370
157767,11262
157767,30500
157767,35732
157767,56714
157767,57414
157767,63510
157854,60
157854,50274
157854,56714
157854,57804
157854,63188
157938,1304
157938,1370
157938,11262
157938,30500
157938,56714
157938,57414
158016,1304
158016,11262
158016,33886
158016,57414
158016,62074
158016,63510
158274,1370
158274,11262
158274,30500
158274,56714
158274,62074
158499,1304
158499,1370
158499,1372
158499,11262
158499,30500
158499,56714
158499,57414
158610,33886
158658,1370
158658,11262
158658,56714
158658,57414
158685,30500
158742,1304
158742,1370
158742,11262
158742,56714
158766,11262
158766,30500
158766,63510
159033,1370
159033,10652
159033,11262
159033,33886
159033,56714
159033,57414
159033,63510
159330,1370
159330,56714
159831,1370
159831,11262
159831,57414
159831,62378
159831,63510
160029,1304
160029,1370
160029,11262
160029,30500
160029,56714
160029,57414
160029,63510
160770,1304
160770,1370
160770,11262
160770,30500
160770,50274
160770,56714
160770,57414
160770,63510
161058,1304
161058,1370
161058,11262
161058,33886
161058,35846
161208,1304
161208,1370
161208,11262
161283,1304
161283,1370
161283,11262
161283,57414
161403,1304
161403,1370
161403,11262
161403,56714
161403,57414
161526,1304
161526,1370
161526,10652
161526,11262
161526,33886
161526,35732
161526,39186
161526,57414
161667,1304
161667,1370
161667,1372
161667,10652
161667,11262
161667,33886
161667,35846
161667,56714
161667,59396
161787,1370
161787,1372
161787,57414
162603,1304
162603,1370
162603,11262
162603,16358
162603,30500
162603,56714
162603,57414
162624,1304
162792,1304
162792,1370
162792,1372
162792,63188
162795,1304
162795,35846
162810,124
162810,1304
162810,3382
162810,10652
162810,11262
162810,30500
162810,33886
162810,35732
162810,36720
162810,39186
162810,50274
162810,54096
162810,57804
162810,61280
162810,62274
162810,63360
162810,63510
162843,1304
162843,1370
162843,10652
162843,11262
162843,33886
162843,56714
162957,1304
162957,1370
162957,11262
162957,16358
162984,1370
162984,11262
162984,30500
162984,57414
163044,1370
163044,30500
163044,35732
163101,1304
163101,1370
163101,1372
163101,10652
163101,11262
163101,30500
163101,32496
163101,33886
163101,35732
163101,39186
163101,54096
163101,56714
163101,57414
163101,62944
163101,63188
163101,63360
163101,63510
163131,1304
163131,1370
163131,1372
163131,10652
163131,11262
163131,30500
163131,33886
163131,35732
163131,39186
163131,50274
163131,50718
163131,53160
163131,54096
163131,56714
163131,57414
163131,59396
163131,62944
163131,63136
163131,63188
163131,63360
163131,63510
163131,63538
163251,1370
163251,56714
163377,1304
163377,1370
163377,11262
163377,53160
163554,59396
163578,1370
163578,11262
164007,1304
164007,1370
164007,11262
164007,35732
164064,1304
164064,1370
164064,1372
164064,11262
164064,16358
164064,30500
164064,35846
164064,57414
164064,63188
164064,63510
164337,1304
164337,1370
164337,11262
164337,30500
164337,56714
164337,57414
164337,63510
164457,1370
164457,1372
164457,11262
164457,30500
164457,39186
164457,53160
164457,54096
164457,56714
164457,57414
164457,59396
164457,63360
164457,63510
164541,1304
164541,1370
164541,11262
164640,1304
164640,1370
164661,1304
164661,1370
164661,11262
164661,30500
164661,56714
164661,63186
164871,1370
164970,1304
164970,1370
164970,1372
164970,11262
165045,1304
165045,1370
165045,10652
165045,11262
165045,30500
165045,56714
165045,57414
165126,57414
165132,1304
165132,1370
165132,11262
165183,1370
165183,56714
165312,1370
165684,1304
165684,1370
165684,10652
165684,11262
165684,30500
165684,33534
165684,34092
165684,56714
165684,57414
165684,62074
165687,1304
165687,1370
165687,11262
165687,16358
165687,35846
165717,1304
165717,1370
165717,1372
165717,11262
165717,30500
165717,35732
165717,50274
165717,54096
165717,56714
165717,57414
165717,63188
165726,1304
165726,1370
165726,1372
165726,11262
165744,1304
165744,1370
165744,11262
165744,16358
165744,56714
165744,57414
165744,63186
165744,63510
165750,1304
165750,1370
165750,1372
165750,11262
165750,30500
165750,33534
165750,35846
165750,56714
165750,62074
165750,63188
165786,1370
165786,57414
165786,63510
165915,1370
165927,1370
165927,10652
165927,11262
165927,30500
165927,56714
166002,1304
166002,1370
166002,11262
166002,11490
166002,30500
166002,32496
166002,33886
166005,1304
166005,1370
166005,10652
166005,11262
166005,57414
166029,1304
166029,1372
166029,11262
166029,30500
166029,39186
166029,56714
166029,63188
166128,124
166128,1304
166128,1370
166128,1372
166128,10652
166128,11262
166128,30500
166128,33886
166128,35846
166128,39186
166128,56714
166128,57414
166128,62944
166128,63188
166128,63510
166356,1304
166356,11262
166356,33886
166356,34092
166356,35846
166356,63510
166362,1370
166362,11262
166362,30500
166362,33886
166362,56714
166437,1370
166437,1372
166437,11262
166437,30500
166437,53160
166437,56714
166437,57414
166437,63360
166599,1370
166599,11262
166599,62074
166995,1304
166995,1370
166995,11262
166995,30500
166995,35732
166995,35846
166995,56714
166995,57414
167082,1370
167082,56714
167136,1370
167136,11262
167136,56714
167256,62074
167316,1304
167316,1370
167316,1372
167316,10652
167316,11262
167316,16358
167316,30500
167316,34092
167316,56714
167316,57414
167316,62944
167316,63186
167316,63188
167316,63510
167364,1370
167364,10652
167364,11262
167364,30500
167364,33886
167364,35732
167364,39186
167364,54096
167364,57414
167364,61280
167364,62378
167364,62944
167364,63510
167451,1304
167451,1370
167451,10652
167451,11262
167451,35732
167514,11262
167514,30500
167571,1370
167571,10652
167571,11262
167571,16358
167571,30500
167571,56714
167571,57414
167652,1370
167676,10652
167676,11262
171372,1370
171372,1372
171372,11262
171372,63188
171684,1304
171684,1370
171684,11262
171702,1304
171702,1370
171702,11262
171702,30500
171702,54096
171702,57414
171702,63418
171939,1370
171939,10652
171939,11262
171939,56714
172008,1304
172008,11262
172008,63510
172056,1304
172056,1370
172056,1372
172056,11262
172056,33886
172056,35846
172056,39186
172056,56714
172161,1304
172161,1370
172161,1372
172161,10652
172161,11262
172161,30500
172161,33886
172161,34092
172161,35732
172161,35846
172161,39186
172161,57414
172161,59396
172161,62074
172161,62944
172161,63188
172161,63510
172419,1370
172419,10652
172419,11262
172419,30500
172419,50718
172419,56714
172419,57414
172503,1304
172503,1370
172503,1372
172503,11262
172503,30500
172503,57414
172503,63188
172503,63510
172587,1304
172587,1370
172587,11262
172587,35846
172590,1304
172590,1370
172590,11262
172590,63510
172695,1370
172695,11262
172695,16358
172695,30500
172719,1304
172719,1370
172719,11262
172719,63510
173613,62274
173667,1370
173667,11262
173796,1370
173796,11262
173796,57414
173940,1304
173940,1370
173940,10652
173940,11262
173940,30500
173940,35732
174087,1370
174195,1370
174279,1370
174279,11262
174279,33886
174468,1304
174468,1370
174468,1372
174468,11262
174468,30500
174468,35846
174468,56714
174468,57414
174468,62376
174468,63188
174468,63510
174513,1370
174513,35732
174513,56714
174513,57414
174513,63510
175239,11262
175266,1304
175266,1370
175266,1372
175266,10652
175266,11262
175266,33886
175266,57414
175266,63510
175293,1304
175293,1370
175293,11262
175809,1370
175815,1370
175815,16358
175878,1304
175878,1370
175878,56714
176319,1304
176319,1370
176319,1372
176319,10652
176319,53160
176319,56714
176319,57414
176319,63510
176403,124
176403,1304
176403,1370
176403,1372
176403,3382
176403,10652
176403,10808
176403,11262
176403,11490
176403,16358
176403,30500
176403,32496
176403,33886
176403,35732
176403,35846
176403,36720
176403,48298
176403,48980
176403,50274
176403,50720
176403,51974
176403,53160
176403,54096
176403,54290
176403,56714
176403,57414
176403,57804
176403,59394
176403,61280
176403,62074
176403,63136
176403,63186
176403,63188
176403,63360
176403,63510
176472,1304
176472,1370
176472,1372
176472,10652
176472,11262
176472,30500
176472,35732
176472,39186
176472,57414
176472,63188
176472,63510
176577,1370
176577,11262
176577,56714
176607,1370
176643,1370
176643,56714
176643,57414
177474,1370
177474,56714
177474,57414
177672,1304
177672,1370
177672,1372
177672,11262
177672,30500
177672,33886
177672,56714
177672,57414
177672,63510
177873,1304
177873,56714
177903,1304
177903,1370
177903,11262
177921,1304
177921,1370
177951,1304
178068,1370
178068,11262
178068,57414
178068,63510
178230,60
178230,1370
178230,11262
178230,30500
178230,56714
178230,57414
178257,1304
178257,1370
178257,11262
178257,56714
178257,57414
178458,1304
178458,1370
178458,1372
178458,10652
178458,11262
178458,30500
178458,35732
178458,39186
178458,50274
178458,53160
178458,54096
178458,56714
178458,57414
178458,59394
178458,59396
178458,62944
178458,63188
178458,63360
178458,63510
178761,1370
178761,11262
178830,1304
178830,1370
178830,1372
178830,10652
178830,11262
178830,16358
178830,30500
178830,39186
178830,48980
178830,50274
178830,53160
178830,54096
178830,56714
178830,57414
178830,59394
178830,59396
178830,61280
178830,62944
178830,63186
178830,63360
178830,63510
179088,1304
179436,1372
179496,1304
179496,1370
179700,1370
179700,1372
179700,33886
179790,1304
179790,1370
179790,11262
179790,30500
179790,35732
179838,1304
179838,11262
179838,16358
179838,30500
179838,57414
179853,33886
179853,39186
179853,50274
179853,56714
179853,57804
179853,59396
179853,61280
179853,62944
179853,63360
179853,63510
180195,1370
180471,1370
180471,56714
180495,1304
180495,1370
180495,10652
180495,11262
180495,30500
180495,62074
180801,30500
181101,1304
181101,1370
181101,1372
181101,10652
181101,11262
181101,30500
181101,33886
181101,34092
181101,35732
181101,35846
181101,50274
181101,56714
181101,57414
181101,59394
181101,61280
181101,62074
181101,62944
181101,63136
181101,63188
181101,63360
181101,63510
181101,63538
181110,10808
181110,50274
181110,56714
181149,1304
181149,1370
181149,10652
181149,11262
181149,30500
181149,35732
181149,56714
181149,57414
181203,1304
181203,1370
181203,56714
181371,1370
181371,1372
181371,11262
181371,35732
181371,56714
181371,57414
181371,62074
181593,1304
181593,33886
181593,39186
181593,56714
181593,63510
181662,1304
181662,1370
181662,10652
181662,11262
181662,33886
181662,35846
181662,57414
181662,63510
181704,1370
181746,1370
181860,1370
181860,11262
181860,39186
181860,56714
181860,57414
182292,1304
182292,1370
182292,1372
182292,10652
182292,11262
182292,16358
182292,30500
182292,33886
182292,35732
182292,56714
182292,57414
182292,63510
182292,63538
182295,1304
182295,1370
182295,11262
182442,1370
182556,1304
182565,1304
182565,1370
182565,1372
182565,10652
182565,11262
182565,30500
182565,33886
182565,35732
182565,48980
182565,50274
182565,53160
182565,54096
182565,56714
182565,57414
182565,57804
182565,59396
182565,61280
182565,62074
182565,63360
182565,63510
182565,63540
183105,124
183105,1304
183105,1370
183105,10652
183105,11262
183105,16358
183105,30500
183105,32496
183105,33886
183105,35732
183105,35846
183105,36720
183105,39186
183105,48298
183105,50272
183105,50274
183105,53160
183105,53386
183105,54096
183105,54290
183105,56714
183105,57414
183105,57804
183105,59394
183105,59396
183105,61280
183105,61348
183105,62944
183105,63136
183105,63186
183105,63188
183105,63360
183105,63510
183105,63538
183195,1304
183195,1370
183195,1372
183195,10652
183195,11262
183195,30500
183195,39186
183195,48980
183195,50274
183195,54096
183195,56714
183195,57414
183195,59396
183195,62944
183195,63188
183195,63360
183213,60
183213,124
183213,1304
183213,1370
183213,1372
183213,3382
183213,10808
183213,11262
183213,16358
183213,30500
183213,33534
183213,33886
183213,35732
183213,35846
183213,36720
183213,39186
183213,48298
183213,48980
183213,50274
183213,53160
183213,54096
183213,56714
183213,57414
183213,57804
183213,59394
183213,61280
183213,62074
183213,62944
183213,63136
183213,63186
183213,63218
183213,63360
183213,63510
183366,56714
183387,1304
183387,1370
183387,1372
183387,10652
183387,11262
183387,30500
183387,35732
183387,39186
183387,54096
183387,56714
183387,57414
183387,62074
183387,63136
183387,63360
183387,63510
183390,54096
183450,1304
183450,1370
183450,1372
183450,11262
183450,30500
183450,32496
183450,34092
183450,48980
183450,54096
183450,56714
183450,57414
183450,57804
183450,62944
183450,63360
183450,63510
183459,1304
183459,10652
183459,11262
183468,1370
183468,11262
183468,30500
183468,63510
183489,124
183489,1304
183489,1370
183489,1372
183489,10652
183489,11262
183489,30500
183489,35732
183489,39186
183489,50274
183489,54096
183489,56714
183489,57414
183489,57804
183489,59396
183489,61280
183489,62944
183489,63186
183489,63360
183489,63510
183492,1304
183492,1370
183492,1372
183492,10652
183492,11262
183492,30500
183492,33886
183492,34092
183492,35732
183492,39186
183492,53160
183492,54096
183492,56714
183492,57414
183492,59396
183492,61280
183492,62074
183492,63188
183492,63360
183492,63510
183573,1304
183573,1370
183573,1372
183573,10652
183573,11262
183573,30500
183573,33886
183573,56714
183573,57414
183573,62074
183573,63510
183576,1304
183576,1370
183576,11262
183576,30500
183576,35732
183576,56714
183645,1304
183645,1370
183645,1372
183645,11262
183645,63510
183666,1304
183666,1370
183666,11262
183666,33886
183666,39186
183672,1304
183672,1370
183672,10652
183672,11262
183672,30500
183672,39186
183672,56714
183675,1304
183675,1370
183675,11262
183675,50718
183675,56714
183675,57414
183786,1370
183786,11262
183789,1304
183789,1370
183789,10652
183789,11262
183789,33886
183789,62074
183789,63188
183789,63510
183813,11262
183813,54096
183813,57414
183912,1304
183912,1370
183912,16358
183912,35846
183921,1304
183921,1370
183921,11262
184104,1304
184104,1370
184104,11262
184113,1304
184113,1370
184113,1372
184113,11262
184113,34092
184113,35732
184113,57414
184485,1304
184485,1370
184488,1304
184488,1370
184488,11262
184509,1370
184509,56714
184509,57414
184605,1304
184605,1370
184605,11262
184605,30500
184635,1304
184635,1370
184635,11262
184635,57414
184674,1370
184674,57414
184698,1304
184698,1370
184698,1372
184698,11262
184698,57414
184710,1304
184710,1370
184713,11262
184950,1304
184950,1370
184950,1372
184950,10652
184950,11262
184950,30500
184950,35732
184950,50718
184950,56714
184950,57414
184950,62074
184950,63510
185067,1304
185067,1370
185067,1372
185067,11262
185067,56714
185067,57414
185067,62074
185067,63188
185244,1304
185244,1370
186078,1304
186078,1370
186078,1372
186078,10652
186078,11262
186078,33886
186078,57414
186078,63510
186174,124
186174,1304
186174,1370
186174,1372
186174,3382
186174,10652
186174,10808
186174,11262
186174,11490
186174,16358
186174,30500
186174,32496
186174,33886
186174,35732
186174,35846
186174,36720
186174,39186
186174,44660
186174,48980
186174,50274
186174,54096
186174,54290
186174,56714
186174,57414
186174,57804
186174,59394
186174,59396
186174,61280
186174,62860
186174,62944
186174,63186
186174,63510
186177,1370
186177,11262
186177,30500
186177,35846
186177,50274
186177,56714
186177,57414
186177,57804
186177,61280
186177,63136
186177,63360
186177,63510
186216,1304
186216,1370
186216,1372
186216,11262
186216,30500
186216,56714
186216,57414
186327,1304
186327,1370
186327,10652
186327,30500
186378,1304
186378,1370
186378,10652
186378,11262
186378,16358
186378,33886
186378,35846
186378,54096
186378,56714
186378,57414
186378,63510
186384,1370
186384,1372
186384,11262
186384,30500
186384,35732
186384,35846
186384,39186
186384,53160
186384,54096
186384,56714
186384,57414
186384,62074
186384,62944
186384,63186
186384,63188
186384,63510
186438,1304
186438,1370
186438,1372
186438,10652
186438,11262
186438,30500
186438,35732
186438,50718
186438,56714
186438,57414
186438,62074
186438,63188
186438,63510
186447,54096
186447,57414
186657,1304
186657,1370
186657,1372
186657,10652
186657,11262
186657,30500
186657,35732
186657,39186
186657,53160
186657,54096
186657,56714
186657,57414
186657,62944
186657,63510
186882,1304
186882,1370
186882,11262
186882,56714
186882,57414
186882,63188
186933,124
186933,3382
186933,10652
186933,11262
186933,30500
186933,33886
186933,35732
186933,36720
186933,39186
186933,50274
186933,54096
186933,56714
186933,57804
186933,63510
186942,1304
186942,35846
186951,1304
186951,1370
186987,1304
186987,11262
186987,63510
186990,1304
186990,1370
186990,11262
186990,30500
186990,33886
186990,35732
186990,56714
186990,57414
187101,1304
187101,1370
187101,1372
187101,10652
187101,11262
187101,30500
187101,39186
187101,57414
187101,59396
187101,63188
187221,1304
187221,56714
187224,1370
187224,11262
187224,30500
187224,56714
187224,57414
187224,63510
187263,1370
187386,36720
187386,56714
187395,1304
187395,1370
187395,11262
187395,63510
187650,1304
187650,1370
187650,1372
187650,53160
187659,1304
187659,50274
187659,57414
187707,1304
187707,1370
187707,1372
187707,3382
187707,10652
187707,11262
187707,16358
187707,30500
187707,34092
187707,35732
187707,35846
187707,36720
187707,39186
187707,50274
187707,54096
187707,54290
187707,56714
187707,57414
187707,57804
187707,59396
187707,62944
187707,63136
187707,63188
187707,63360
187707,63510
187734,1304
187734,1370
187734,11262
187734,39186
187734,53160
187734,56714
187734,57414
187734,62074
187743,1304
187743,1370
187743,30500
187743,56714
187797,1304
187797,1370
187797,1372
187797,10652
187797,11262
187797,30500
187797,39186
187797,54096
187797,56714
187797,57414
187797,62074
187797,63188
187797,63360
187797,63510
187806,124
187806,1304
187806,1370
187806,1372
187806,3382
187806,10652
187806,10808
187806,11262
187806,16358
187806,32496
187806,33534
187806,34092
187806,35732
187806,36720
187806,39186
187806,48298
187806,50274
187806,51974
187806,53386
187806,54096
187806,54290
187806,56714
187806,57414
187806,57804
187806,59394
187806,59396
187806,61280
187806,61348
187806,62074
187806,62944
187806,63136
187806,63186
187806,63188
187806,63360
187806,63510
187839,1370
187839,11262
187839,56714
187875,1370
187875,10652
187875,11262
187875,16358
187875,33886
187962,1370
187962,11262
187962,30500
187962,35732
187962,50718
187962,56714
187962,57414
187962,63218
187962,63510
187974,1304
187974,1370
187974,10652
187974,33534
187974,62074
188100,1304
188100,1370
188100,10652
188106,1370
188106,11262
188106,30500
188106,62376
188106,62378
188196,1370
188196,11262
188196,62074
188265,57414
188331,1304
188331,1370
188331,10652
188331,10808
188331,11262
188331,16358
188331,30500
188331,33886
188331,36720
188331,39186
188331,48298
188331,50274
188331,51974
188331,53386
188331,54096
188331,54290
188331,56714
188331,57414
188331,57804
188331,59394
188331,59396
188331,61280
188331,61348
188331,62944
188331,63136
188331,63188
188331,63360
188331,63510
188343,1304
188343,1370
188604,1304
188604,1370
188637,1304
188637,1370
188637,10652
188637,11262
188637,30500
188637,35732
188637,56714
188637,57414
188637,62074
188685,1304
188685,1370
188685,11262
188685,30500
188700,1304
188700,1370
188700,1372
188700,10652
188700,11262
188700,30500
188700,39186
188700,57414
188700,63510
188730,1304
188730,1370
188730,1372
188730,11262
188730,30500
188730,33886
188730,39186
188730,53160
188730,54096
188730,56714
188730,57414
188730,61280
188730,62944
188730,63360
188787,124
188787,1304
188787,1370
188787,1372
188787,10652
188787,11262
188787,30500
188787,33886
188787,39186
188787,49888
188787,54096
188787,56714
188787,57414
188787,63188
188787,63510
188787,63540
188844,1304
188844,1370
188844,11262
188844,30500
188844,56714
188844,57414
188844,62944
188847,56714
188853,1304
188853,1370
188853,11262
188853,56714
188937,1304
188937,1370
188937,10652
188937,11262
188937,30500
188937,35732
188937,56714
188937,57414
188937,63510
188961,1370
188961,30500
189009,11262
189009,35846
189012,1304
189012,1370
189012,1372
189012,11262
189012,35732
189012,56714
189012,57414
189045,1304
189045,1370
189045,1372
189045,10652
189045,11262
189045,30500
189045,35732
189045,39186
189045,56714
189045,57414
189045,62944
189045,63188
189045,63360
189045,63510
190113,1370
190113,11262
190113,63510
190152,1304
190152,11262
190152,30500
190152,33886
190152,56714
190152,57414
190776,1370
190776,11262
190776,33886
190776,56714
191223,1304
191223,1370
191223,11262
191223,33886
191223,57414
191223,63510
191226,1304
191226,1370
191226,1372
191226,11262
191226,56714
191226,57414
191226,62074
191232,124
191232,1304
191232,1370
191232,1372
191232,10652
191232,11262
191232,11490
191232,16358
191232,30500
191232,35732
191232,50274
191232,53160
191232,56714
191232,57414
191232,57804
191232,61280
191232,62074
191232,63136
191232,63188
191232,63360
191232,63510
191238,1370
191238,10652
191238,56714
191238,57414
191238,63510
191247,1304
191247,1370
191247,1372
191247,10652
191247,11262
191247,16358
191247,30500
191247,33534
191247,35732
191247,35846
191247,39186
191247,53160
191247,56696
191247,56714
191247,57414
191247,59396
191247,63510
191250,1304
191250,1370
191250,11262
191250,35846
191256,1370
191256,11262
191256,30500
191256,54096
191256,56714
191256,57414
191316,1370
191316,11262
191316,33886
191316,56714
191451,1370
191451,11262
191553,1304
191553,57414
191556,1370
191556,11262
191556,57414
191556,63510
191892,56714
191892,59396
191892,62944
191892,63186
192159,1304
192159,1370
192159,11262
192159,30500
192159,56714
192159,57414
192159,62074
192159,63510
192300,1370
192300,10652
192300,11262
192300,30500
192300,34092
192300,39186
192300,54096
192300,56714
192300,57414
192300,63510
192549,35732
192549,50274
192549,56714
192564,1304
192564,1370
192564,11262
192564,16358
192564,30500
192564,33886
192564,39186
192564,56714
192564,57414
192564,59396
192564,62074
192564,62944
192564,63360
192564,63510
192618,1370
192618,57414
192618,63510
192627,1304
192627,1370
192627,11262
192714,1370
192714,56714
192735,1370
192735,10652
192735,11262
192735,63510
192756,1304
192756,11262
192756,30500
192756,33886
192756,35732
192756,57414
192768,1304
192768,11262
192768,62074
192768,63510
192771,1304
192771,11262
192771,33534
192771,33886
192771,35732
192771,50718
192771,56714
192771,57414
192771,59396
192771,62074
192771,62944
192771,63510
192942,1304
192942,1370
192942,11262
192942,33886
192942,35846
192942,39186
192942,56714
192942,57414
192942,62944
192942,63510
193323,1304
193323,1370
193323,10652
193323,11262
193323,30500
193323,33886
193323,39186
193323,50718
193323,56714
193323,57414
193323,59396
193323,61540
193323,62074
193323,62944
193323,63136
193323,63360
193323,63510
193965,10652
193965,11262
193965,30500
193965,32496
193965,35732
193965,56714
194082,1304
194082,1370
194082,11262
194082,30500
194082,56714
194082,62074
194082,63188
194208,1304
194208,1370
194208,11262
194208,33886
194208,56714
194229,124
194229,1304
194229,1370
194229,1372
194229,10652
194229,11262
194229,16358
194229,30500
194229,33534
194229,33886
194229,35732
194229,35846
194229,39186
194229,50274
194229,51974
194229,53160
194229,54096
194229,56714
194229,57414
194229,57804
194229,59396
194229,61280
194229,61540
194229,62074
194229,62944
194229,63136
194229,63186
194229,63188
194229,63218
194229,63360
194229,63510
194388,1370
194388,11262
194388,16358
194388,56714
194409,10652
194409,11262
194409,30500
194409,33886
194409,39186
194409,54096
194424,11262
194424,33886
194601,124
194601,1304
194601,1370
194601,3382
194601,11262
194601,16358
194601,30500
194601,33886
194601,35732
194601,36720
194601,39186
194601,48298
194601,50274
194601,54096
194601,61280
194718,11262
194790,1304
194790,1370
194790,11262
194790,33886
194790,56714
194790,57414
194790,61280
194790,62074
194790,63188
194883,1304
194883,1370
194883,1372
194883,10652
194883,11262
194883,16358
194883,30500
194883,35732
194883,36720
194883,39186
194883,50274
194883,53160
194883,56714
194883,57414
194883,61280
194883,62944
194883,63188
194883,63510
194904,1304
194904,1370
194904,1372
194904,10652
194904,11262
194904,30500
194904,33886
194904,35732
194904,39186
194904,50274
194904,54096
194904,56714
194904,57414
194904,61280
194904,62074
194904,62944
194904,63136
194904,63188
194904,63360
194904,63510
195063,1304
195063,1370
195063,3382
195063,11262
195063,30500
195063,35732
195063,56714
195063,57414
195249,1304
195249,1370
195249,11262
195372,1370
195372,11262
195372,33886
195372,35732
195372,53160
195372,56714
195372,63360
195378,1304
195378,11262
195378,57414
195447,1370
195447,11262
195447,33886
195447,56714
195507,1304
195507,11262
195507,30500
195507,56714
195507,57414
195507,59396
195507,62074
195507,63510
195582,1370
195582,30500
195582,56714
195582,63510
195723,1304
195723,1370
195723,10652
195723,11262
195723,30500
195723,34092
195723,56714
195723,57414
195723,62376
195723,62378
195723,62944
195723,63510
195771,124
195771,1304
195771,1370
195771,11262
195771,35732
195894,1370
195894,56714
196302,11262
196302,30500
196302,35732
196302,39186
196302,57414
196302,63188
196311,1304
196311,11262
196311,33886
196311,63186
196455,57414
196455,63510
196722,1304
196722,1370
196722,10652
196722,11262
196722,56714
196722,57414
196845,1304
196845,1370
196845,1372
196845,10652
196845,11262
196845,16358
196845,30500
196845,33886
196845,35732
196845,39186
196845,50274
196845,53160
196845,56714
196845,57414
196845,57804
196845,59394
196845,59396
196845,61280
196845,62944
196845,63188
197034,1370
197034,30500
197034,57414
197286,1304
197286,1370
197286,1372
197286,10652
197286,11262
197286,16358
197286,30500
197286,33886
197286,34092
197286,35732
197286,36720
197286,39186
197286,48298
197286,50274
197286,50716
197286,50720
197286,53160
197286,54096
197286,56714
197286,57414
197286,57804
197286,59394
197286,59396
197286,59822
197286,61280
197286,61348
197286,62074
197286,62378
197286,62944
197286,63136
197286,63188
197286,63360
197286,63510
197529,1304
197529,1370
197529,1372
197529,11262
197529,30500
197529,35732
197529,56714
197529,57414
197529,63510
197595,1304
197595,1370
197595,11262
197595,30500
197595,56714
197595,63510
197673,1304
197673,1370
197673,11262
197673,30500
197673,56714
197673,63188
197673,63510
197676,1304
197676,1370
197676,11262
197676,33886
197799,1370
197799,11262
197799,30500
197802,10652
197802,11262
197802,30500
197802,33886
197802,56714
197802,57804
197802,59396
197802,62944
197802,63510
197835,1304
197835,1370
197835,1372
197835,11262
197835,30500
197835,56714
197835,57414
197835,62074
197835,63510
198210,1304
198210,1370
198210,1372
198210,11262
198210,30500
198210,56714
198210,61280
198210,63510
198279,1304
198279,1370
198279,10652
198279,11262
198279,30500
198279,35732
198279,39186
198279,56714
198279,63510
198522,1304
198522,11262
198534,1370
198534,11262
198534,30500
198534,57414
198552,1304
198552,1370
198552,11262
198573,1304
198573,1370
198573,1372
198573,10652
198573,11262
198573,30500
198573,39186
198573,56714
198573,63510
198792,1304
198792,1370
198792,11262
198792,56714
198801,1304
198801,1370
198801,10652
198801,11262
198801,30500
198801,33886
198801,56714
198855,1372
198855,56714
198855,63188
198867,1304
198867,1370
198867,10652
198867,11262
198867,30500
198867,33886
198867,56714
198867,57414
198867,62074
198867,63510
198873,1304
198873,1370
198873,11262
198873,30500
198873,39186
198873,54096
198873,56714
198873,57414
198873,62944
198882,1304
198882,1370
198882,1372
198882,10652
198882,11262
198882,30500
198882,32496
198882,33886
198882,34092
198882,39186
198882,48980
198882,54096
198882,56696
198882,56714
198882,57414
198882,59396
198882,62074
198882,62944
198882,63188
198882,63510
198945,1304
198945,1370
198945,11262
198945,57414
198981,1304
198981,1370
198981,1372
198981,11262
198981,30500
198981,35732
198981,39186
198981,56714
198981,57414
198981,62074
198981,63188
198981,63510
198990,1304
198990,11262
199044,11262
199044,57414
199242,1370
199242,11262
199242,11490
199242,16358
199242,56714
199242,57804
199242,63188
199479,1304
199479,1370
199479,10652
199479,11262
199479,33886
199479,56714
199479,57414
199854,1304
199854,1370
199854,10652
199854,11262
199854,16358
199854,30500
199854,35732
199854,39186
199854,54096
199854,56714
199854,57414
199854,62074
199854,63360
199854,63510
199860,1304
199860,10652
199860,11262
199860,30500
199860,33534
199860,56714
199860,57414
199860,59396
199860,62074
199860,63510
200259,1304
200259,1370
200259,11262
200259,56714
200364,57414
200502,1304
200502,10652
200502,11262
200502,30500
200502,33886
200502,35732
200502,39186
200502,50274
200502,56714
200502,57414
200502,63510
200508,1304
200508,1370
200508,1372
200964,124
200964,1304
200964,1370
200964,10652
200964,11262
200964,30500
200964,33886
200964,34092
200964,35732
200964,39186
200964,50274
200964,50718
200964,59396
200964,61280
200964,62944
200964,63510
201030,124
201030,16358
201030,33534
201282,62074
201522,36720
201522,50274
201522,56714
201564,1304
201564,10652
201564,11262
201564,30500
201564,49888
201564,54096
201564,56714
201564,57414
201564,61280
201564,62074
201564,63510
201741,1304
201741,1370
201741,11262
201741,16358
201741,33886
201741,35732
201741,56714
201798,1370
201798,11262
201798,30500
201798,56714
201798,57414
201798,63510
201837,1304
201837,11262
201837,30500
201837,56714
201837,57414
201852,1304
201852,1370
201852,10652
201852,11262
201852,30500
201852,35732
201852,39186
201852,56714
201852,57414
201852,62074
201852,62944
201852,63510
202638,1370
202638,11262
202638,30500
202638,63510
202818,1304
202818,1370
202818,11262
202818,30500
202818,50274
202818,56714
202818,63510
202959,1304
202959,1370
202959,11262
202959,33886
202959,56714
203052,1304
203052,11262
203052,33886
203052,56714
203052,57414
203052,62074
203052,63510
203055,1304
203055,1370
203055,11262
203058,1304
203058,1370
203058,10652
203058,11262
203058,30500
203058,33886
203058,34092
203058,35846
203058,53160
203058,56714
203058,57414
203058,62944
203058,63510
203073,1370
203073,10652
203073,11262
203073,30500
203073,33886
203073,35732
203073,56714
203073,57414
203082,1370
203082,11262
203082,16358
203082,56714
203094,1370
203100,11262
203100,30500
203106,1304
203106,11262
203106,33886
203106,35846
203106,57414
203106,63510
203112,1304
203112,11262
203112,35732
203112,62074
203127,30500
203133,1304
203133,1370
203133,10652
203133,11262
203133,30500
203133,35732
203133,39186
203133,56714
203133,57414
203133,62074
203133,63510
203142,1304
203142,1370
203142,11262
203142,30500
203142,56714
203142,57414
203142,62074
203145,1304
203145,1370
203145,11262
203145,33886
203145,56714
203145,57414
203145,62074
203145,63510
203151,1370
203151,11262
203151,30500
203151,50274
203151,56714
203151,57414
203151,57804
203151,63510
203166,1370
203166,10652
203166,11262
203166,30500
203166,33886
203166,35732
203166,56714
203166,57414
203166,63510
203175,1304
203175,1370
203175,10652
203175,11262
203175,33886
203175,34092
203175,50274
203175,57414
203175,63510
203178,1304
203178,1370
203178,11262
203178,16358
203178,33886
203178,35846
203178,39186
203178,56714
203178,57414
203181,1370
203181,16358
203184,1370
203199,1304
203199,1370
203199,1372
203214,1370
203214,57414
203214,63510
203232,1304
203232,1370
203232,10652
203232,11262
203232,33886
203232,56714
203232,57414
203232,62074
203241,1370
203241,30500
203241,57414
203247,1370
203247,10652
203247,57414
203256,1304
203256,1370
203256,10652
203256,11262
203256,16358
203256,30500
203256,33534
203256,33886
203256,35732
203256,35846
203256,39186
203256,53160
203256,54096
203256,56696
203256,56714
203256,57414
203256,62074
203256,62944
203256,63360
203256,63510
203259,1304
203259,1370
203259,10652
203259,11262
203259,16358
203259,30500
203259,33886
203259,56696
203259,56714
203259,57414
203259,62074
203259,63510
203268,1304
203268,1370
203268,11262
203268,30500
203268,56714
203268,57414
203268,62074
203268,63510
203271,1370
203271,11262
203271,16358
203271,33534
203271,62074
203274,1304
203274,1370
203274,10652
203274,11262
203277,63186
203280,1370
203280,10652
203295,1304
203295,1372
203295,10652
203295,11262
203295,33886
203295,56714
203295,57414
203295,63510
203301,1304
203301,11262
203301,33886
203301,56714
203301,57414
203301,63510
203310,1304
203310,1370
203310,11262
203310,33886
203310,50718
203310,56714
203310,57414
203310,63510
203316,1370
203316,11262
203316,30500
203316,34092
203316,56714
203316,57414
203316,61280
203322,1304
203322,1370
203322,11262
203322,30500
203322,56714
203322,57414
203322,63510
203328,1304
203328,11262
203328,56714
203328,57414
203388,1304
203388,11262
203388,33886
203388,63510
203439,1304
203439,1370
203439,10652
203439,11262
203439,16358
203439,30500
203439,35846
203439,57414
203439,62074
203439,63510
203445,1370
203445,11262
203445,16358
203445,35846
203445,57414
203445,62074
203451,1370
203454,1370
203454,11262
203454,16358
203454,56714
203454,57414
203454,63186
203454,63510
203460,1304
203460,1370
203460,11262
203460,30500
203460,56714
203460,57414
203460,63510
203502,1304
203502,11262
203502,30500
203502,33534
203502,33886
203502,53160
203502,57414
203502,62074
203502,62378
203502,62944
203502,63510
203511,1304
203511,1370
203511,11262
203517,1304
203517,1370
203517,10652
203517,11262
203517,30500
203517,54096
203532,1304
203532,11262
203532,30500
203532,33886
203532,56714
203532,57414
203532,63510
203574,1304
203574,11262
203574,30500
203574,57414
203574,63510
203646,1370
203646,11262
203646,30500
203646,56714
203646,57414
203661,1370
203661,10652
203661,11262
203661,33886
203661,56714
203670,1304
203670,1370
203670,10652
203670,11262
203673,124
203673,1370
203673,3382
203673,10652
203673,11262
203673,16358
203673,30500
203673,33534
203673,33886
203673,39186
203673,54096
203673,56714
203673,57414
203673,59396
203673,62944
203673,63510
203673,63540
203700,1370
203700,10652
203700,11262
203700,33886
203700,35732
203700,39186
203700,57414
203700,63510
203706,1304
203706,11262
203706,35846
203709,1304
203724,1304
203724,1370
203724,10652
203724,11262
203724,30500
203724,33886
203724,50274
203724,53160
203724,54096
203724,56714
203724,57414
203724,59396
203724,61280
203724,62944
203724,63136
203724,63360
203724,63510
203724,63540
203727,1304
203727,1370
203727,11262
203727,57414
203733,1304
203733,1370
203733,10652
203733,11262
203733,33886
203733,54096
203733,56714
203733,57414
203736,1304
203736,1370
203775,1370
203775,10652
203775,33886
203784,1304
203784,1372
203784,11262
203784,57414
203790,1304
203790,1370
203790,11262
203790,16358
203790,30500
203790,35846
203790,57414
203790,62376
203796,1304
203796,1370
203796,10652
203796,11262
203796,30500
203796,33886
203796,35732
203796,39186
203796,50274
203796,53160
203796,54096
203796,56714
203796,57414
203796,59396
203796,61280
203796,62376
203796,62944
203796,63136
203796,63188
203796,63510
203811,1304
203811,1370
203811,11262
203811,62074
203820,1304
203820,1370
203820,1372
203820,11262
203820,35846
203820,56714
203820,57414
203820,62074
203820,63510
203829,1304
203829,1370
203829,10652
203829,11262
203829,33886
203829,57414
203829,62074
203829,63510
203868,1370
203868,11262
203868,30500
203868,56714
203871,1370
203871,56714
203871,63510
203889,1304
203889,11262
203889,30500
203889,57414
203889,63510
204054,1370
204054,54096
204057,1304
204057,10652
204057,11262
204057,30500
204057,33886
204057,56714
204057,63510
204093,1304
204093,1370
204093,10652
204093,11262
204093,30500
204093,35732
204093,56714
204093,57414
204141,1304
204141,1370
204141,56714
204144,1304
204144,1370
204144,11262
204144,16358
204144,35732
204144,56714
204144,57414
204144,63510
204189,124
204189,1304
204189,1370
204189,3382
204189,10652
204189,11262
204189,11490
204189,16358
204189,30500
204189,32496
204189,33886
204189,35732
204189,35846
204189,36720
204189,39186
204189,48298
204189,48980
204189,50274
204189,54096
204189,54290
204189,57804
204189,59394
204189,59396
204189,62944
204189,63186
204189,63510
204222,1304
204222,1370
204222,11262
204222,30500
204222,33886
204222,57414
204228,1304
204228,1370
204228,11262
204228,56714
204228,57414
204228,63510
204243,1304
204243,1370
204243,35732
204243,63510
204276,1370
204276,11262
204375,1304
204375,11262
204375,30500
204375,35732
204375,54096
204375,56714
204375,57414
204375,63510
204411,1370
204411,10652
204411,11262
204411,35846
204411,54096
204411,63186
204480,1304
204480,1370
204483,1304
204483,1370
204483,11262
204483,30500
204483,57414
204483,63510
204519,1370
204519,10652
204519,11262
204519,56714
204519,57414
204522,1370
204522,1372
204522,39186
204522,54096
204657,1304
204657,1370
204657,1372
204657,10652
204657,11262
204657,16358
204657,30500
204657,33886
204657,35846
204657,39186
204657,56714
204657,57414
204657,63360
204717,11262
204717,33886
204717,63510
204759,1370
204759,11262
204762,1370
204762,11262
204762,16358
204762,30500
204762,33534
204762,35732
204762,56714
204762,57414
204762,62074
204768,1304
204771,11262
204771,16358
204771,33534
204771,33886
204774,1304
204774,11262
204780,1304
204780,1370
204780,10652
204780,11262
204780,16358
204780,30500
204780,33886
204780,35732
204780,56714
204780,57414
204795,1304
204795,11262
204795,30500
204795,56714
204795,57414
204795,59396
204795,62944
204795,63510
204924,30500
204924,56714
205107,1370
205107,11262
205107,33886
205107,56714
205122,1304
205122,11262
205122,30500
205122,56714
205122,57414
205188,1304
205188,1370
205188,50718
205191,1304
205191,1370
205191,10808
205191,11262
205191,30500
205191,39186
205191,56714
205191,57414
205191,63188
205332,1304
205332,1370
205332,1372
205332,11262
205332,35732
205353,1304
205353,1370
205353,11262
205659,1304
205659,1370
205659,10652
205659,11262
205659,16358
205659,30500
205659,33886
205659,35846
205659,56714
205659,57414
205659,62074
205659,63510
205662,1304
205662,1370
205662,11262
205662,30500
205662,33886
205662,53160
205662,56714
205662,57414
205662,62944
205662,63510
205665,1304
205665,11262
205722,1370
205728,1370
205728,11262
205731,1304
205731,57414
205740,1370
205740,11262
205740,30500
205740,56714
205740,57414
205812,1304
205812,1370
205812,11262
205812,57414
205815,1304
205815,1370
205905,1304
205905,1370
205905,57414
205947,1370
205959,124
205959,1304
205959,1370
205959,11262
205959,16358
205959,30500
205959,35732
205959,56714
205959,57414
205995,1304
205995,1370
205995,11262
205995,30500
205995,63510
206076,11262
206076,30500
206076,57414
206076,63510
206304,1304
206304,1370
206304,1372
206304,57414
206304,63188
206304,63510
206346,1304
206346,1370
206346,1372
206346,11262
206346,30500
206346,33886
206346,34092
206346,35732
206346,39186
206346,48980
206346,50274
206346,53160
206346,56714
206346,57414
206346,57804
206346,59396
206346,61280
206346,61348
206346,62944
206346,63136
206346,63218
206346,63360
206346,63510
206346,63538
206349,1304
206349,11262
206349,33886
206349,56714
206355,1370
206355,11262
206358,1304
206358,1370
206358,11262
206358,33886
206358,56714
206358,57414
206358,62944
206358,63186
206358,63510
206361,1304
206361,1370
206361,11262
206361,33534
206361,33886
206361,56714
206361,57414
206361,62074
206364,60
206364,1304
206364,1370
206364,1372
206364,11262
206364,30500
206364,33886
206364,39186
206364,49888
206364,50274
206364,51316
206364,55632
206364,56714
206364,57414
206364,59396
206364,62274
206364,63360
206364,63510
206367,1304
206367,1370
206367,11262
206367,30500
206367,33886
206367,35846
206367,56714
206376,1304
206376,1370
206376,10652
206376,11262
206376,30500
206376,33886
206376,35732
206376,39186
206376,48980
206376,50274
206376,51974
206376,56714
206376,57414
206376,59394
206376,59396
206376,62944
206376,63136
206376,63360
206376,63510
206406,1304
206406,1370
206406,11262
206406,33886
206406,34092
206406,35732
206406,53160
206406,56714
206406,57414
206406,62074
206406,63510
206412,1304
206412,1370
206412,11262
206412,30500
206412,33534
206412,33886
206412,35732
206412,56714
206412,62074
206415,1304
206415,1370
206415,11262
206415,33886
206415,56714
206415,57414
206415,62074
206418,1304
206418,1370
206418,1372
206418,10808
206418,11262
206418,30500
206418,33886
206418,56714
206418,57414
206418,62074
206418,63510
206427,1304
206427,1370
206427,11262
206427,30500
206427,33886
206427,35846
206427,56714
206427,57414
206427,62074
206427,63510
206433,1304
206433,1370
206433,10652
206433,11262
206433,30500
206433,33886
206433,39186
206433,56714
206433,57414
206433,63510
206439,1304
206439,1370
206439,11262
206439,30500
206439,33886
206439,57414
206439,62074
206439,63510
206442,33886
206442,56714
206448,1304
206448,11262
206448,33886
206448,56714
206451,1370
206451,11262
206451,33886
206451,56714
206451,57414
206460,1304
206460,1372
206460,11262
206460,30500
206475,60
206478,10652
206478,62944
206478,63510
206481,1304
206481,1372
206481,11262
206481,30500
206481,33886
206481,39186
206481,51974
206481,54096
206481,62944
206481,63186
206481,63510
206484,1304
206484,1372
206484,10652
206484,11262
206484,30500
206484,33886
206484,50718
206484,57414
206484,63510
206496,11262
206496,33886
206496,56714
206514,1304
206514,1372
206514,11262
206514,33886
206514,56714
206514,59396
206514,62944
206607,1372
206625,1304
206625,1370
206625,11262
206625,30500
206625,33534
206637,1304
206637,1370
206637,1372
206637,10652
206637,11262
206637,30500
206637,53160
206637,56714
206637,57414
206637,62074
206637,62944
206637,63510
206646,11262
206646,30500
206646,56714
206664,1304
206664,11262
206664,33886
206664,35846
206664,56714
206664,57414
206664,62074
206667,1304
206667,11262
206667,30500
206667,35732
206667,35846
206667,56714
206667,57414
206667,63186
206667,63510
206670,1304
206670,11262
206670,35732
206670,35846
206670,57414
206670,63510
206673,1304
206673,11262
206673,30500
206673,33886
206673,57414
206673,62074
206673,62944
206673,63510
206697,10808
206697,36720
206697,50274
206697,56714
206745,1304
206745,1372
206745,11262
206745,30500
206745,33886
206745,56714
206748,124
206748,1304
206748,1372
206748,10652
206748,11262
206748,30500
206748,32496
206748,33886
206748,35732
206748,35846
206748,36720
206748,39186
206748,48980
206748,50272
206748,50274
206748,50720
206748,54096
206748,54290
206748,56714
206748,57414
206748,57804
206748,59394
206748,59396
206748,61280
206748,62074
206748,62944
206748,63186
206748,63188
206748,63218
206748,63360
206748,63510
206760,11262
206760,30500
206760,33886
206763,1372
206763,11262
206763,35732
206763,54096
206772,1304
206772,1370
206772,1372
206772,11262
206772,30500
206772,54096
206772,56714
206772,57414
206772,62074
206772,63188
206772,63510
206784,1304
206784,1372
206784,11262
206784,30500
206784,33886
206784,62074
206784,63188
206787,1304
206787,11262
206787,33534
206787,62074
206799,1372
206799,63186
206811,1304
206811,1370
206811,11262
206811,56714
206811,62074
206823,1304
206823,1370
206823,11262
206823,30500
206823,35846
206823,56714
206838,1304
206838,11262
206838,30500
206838,33534
206838,35732
206847,1304
206847,1370
206847,11262
206847,16358
206847,33886
206847,53160
206847,56714
206847,57414
206850,11262
206850,33886
206850,56714
206856,1304
206856,11262
206856,33886
206856,57414
206856,62074
206868,1304
206868,1370
206868,1372
206868,10652
206868,11262
206868,30500
206868,33886
206868,35846
206868,56714
206868,57414
206868,62074
206868,63186
206868,63188
206928,1304
206928,11262
206928,56714
206928,63186
206937,11262
206937,33886
206937,63510
206940,1304
206940,1370
206940,1372
206940,11262
206940,30500
206940,33886
206940,39186
206940,50274
206940,53386
206940,54096
206940,56714
206940,57414
206940,57804
206940,59394
206940,59396
206940,62074
206940,62944
206940,63186
206940,63360
206940,63510
206943,1304
206943,11262
206943,39186
206943,54096
206943,57414
206943,63538
206952,124
206952,1304
206952,1372
206952,3382
206952,10652
206952,11262
206952,30500
206952,33886
206952,34092
206952,35732
206952,36720
206952,39186
206952,48298
206952,51974
206952,54096
206952,54290
206952,57804
206952,59394
206952,59396
206952,62944
206952,63186
206952,63510
206955,1304
206955,1370
206955,11262
206955,16358
206955,30500
206955,33534
206955,35846
206955,56714
206955,57414
206955,62074
206958,1304
206958,11262
206958,56714
206958,57414
206964,1304
206964,11262
206964,56714
206979,1304
206979,1370
206979,11262
206979,30500
206979,33886
206979,35846
206979,56714
206979,57414
206979,59394
206979,59396
206979,63136
206979,63510
206988,1304
206988,1372
206988,11262
206988,30500
206988,56714
206988,57414
206988,62074
206988,63186
207078,11262
207078,30500
207078,33886
207078,56714
207084,1304
207084,1372
207084,11262
207084,62074
207084,63188
207087,60
207087,33886
207087,34092
207087,39186
207087,50274
207087,51316
207087,56714
207087,59394
207087,61280
207087,62274
207096,1304
207096,11262
207096,30500
207096,33886
207096,56714
207096,57414
207102,1304
207102,1370
207102,11262
207102,30500
207102,33886
207102,39186
207102,56714
207102,57414
207102,61280
207102,63510
207105,1304
207105,1370
207105,11262
207105,33886
207105,56714
207105,57414
207114,11262
207129,1304
207129,1372
207129,11262
207129,33886
207129,39186
207129,56714
207129,57414
207129,63186
207129,63510
207144,1370
207144,11262
207144,33886
207144,56714
207144,57414
207147,1304
207147,56714
207150,1304
207150,1370
207150,11262
207150,33886
207150,56714
207150,57414
207156,1304
207156,11262
207156,33886
207156,56714
207216,1304
207216,1370
207216,1372
207216,10652
207216,11262
207216,30500
207216,35732
207216,56714
207216,57414
207216,62074
207219,1370
207219,1372
207219,10652
207219,11262
207219,30500
207219,35732
207219,56714
207219,57414
207222,1304
207222,1370
207222,1372
207222,10652
207222,11262
207222,30500
207222,35732
207222,39186
207222,53160
207222,54096
207222,56714
207222,57414
207222,59396
207222,61280
207222,63510
207240,1370
207240,16358
207240,62074
207243,1370
207243,11262
207243,56714
207243,57414
207243,61280
207243,63510
207264,10808
207264,39186
207267,1304
207267,35846
207267,57414
207330,1370
207330,1372
207330,11262
207330,16358
207330,35846
207330,56714
207330,57414
207330,63186
207330,63188
207339,124
207339,1304
207339,1372
207339,10652
207339,11262
207339,30500
207339,35732
207339,36720
207339,39186
207339,50274
207339,53160
207339,54096
207339,56714
207339,57414
207339,57804
207339,59396
207339,62944
207339,63186
207339,63188
207339,63510
207366,1304
207366,1370
207366,11262
207366,33534
207366,56714
207366,57414
207387,1304
207387,1370
207387,1372
207387,10652
207387,11262
207387,56714
207387,57414
207390,11262
207396,1370
207465,33886
207465,56714
207498,1304
207498,30500
207588,1304
207597,1370
207600,1304
207600,1370
207600,1372
207600,11262
207600,16358
207600,35846
207600,57414
207600,62074
207618,1370
207618,10652
207618,11262
207618,33886
207618,35732
207618,57414
207618,59396
207822,1370
207828,124
207828,1304
207828,1370
207828,11262
207828,30500
207828,33886
207828,35732
207828,54096
207828,62376
207828,63188
207927,1370
207927,1372
207927,11262
207927,57414
207993,1370
207996,1304
207996,1370
207996,11262
207996,30500
207996,56714
207999,1304
207999,1370
207999,10652
207999,11262
207999,16358
207999,30500
207999,56714
207999,57414
207999,63510
208053,1370
208053,11262
208068,1370
208068,11262
208080,1370
208092,39186
208116,1370
208116,62074
208206,1304
208206,1370
208206,11262
208209,1370
208209,11262
208209,56714
208209,57414
208341,1370
208341,10652
208341,11262
208341,33886
208341,55632
208341,56714
208341,57414
208347,1304
208347,1370
208347,11262
208347,56714
208347,57414
208347,62074
208350,1304
208350,1370
208350,33886
208350,35846
208449,1304
208449,1370
208449,11262
208449,62074
208473,1304
208473,1370
208473,11262
208473,33886
208476,1304
208476,1370
208476,11262
208476,30500
208476,56714
208476,57414
208476,63510
208479,1304
208479,11262
208482,1304
208482,11262
208482,30500
208482,35846
208482,56714
208482,57414
208485,1304
208485,33886
208485,35732
208485,56714
208485,57414
208488,1304
208488,1370
208488,1372
208488,10652
208488,11262
208488,30500
208488,33886
208488,34092
208488,35732
208488,35846
208488,39186
208488,56714
208488,57414
208488,59396
208488,62944
208488,63188
208488,63510
208491,1304
208491,1370
208491,11262
208491,30500
208491,33886
208491,56714
208491,57414
208491,63538
208500,1304
208500,11262
208500,35846
208500,56714
208500,57414
208500,62074
208503,33886
208503,63510
208506,1304
208506,11262
208506,57414
208515,1304
208515,11262
208515,33886
208515,34092
208515,57414
208515,63510
208518,11262
208518,33886
208518,50718
208518,63510
208521,11262
208521,30500
208521,56714
208521,63510
208524,1304
208524,1370
208524,1372
208524,10652
208524,11262
208524,30500
208524,35732
208524,39186
208524,50274
208524,53160
208524,56714
208524,57414
208524,59396
208524,62944
208524,63136
208524,63360
208524,63510
208533,56714
208533,57414
208536,1304
208536,11262
208536,50718
208536,56714
208536,57414
208539,1370
208539,56714
208545,1304
208545,11262
208545,30500
208545,56714
208554,1370
208554,11262
208554,33886
208554,56714
208554,63510
208566,1304
208566,11262
208566,57414
208566,63510
208572,1304
208572,1370
208572,10652
208572,11262
208572,30500
208572,50274
208572,53160
208572,56714
208572,57414
208572,59396
208572,62944
208572,63510
208575,1304
208575,11262
208575,57414
208584,1304
208584,11262
208584,35846
208584,57414
208590,57414
208590,63510
208599,1304
208599,1370
208599,1372
208599,10652
208599,11262
208599,30500
208599,35732
208599,35846
208599,56714
208599,57414
208599,63510
208626,11262
208692,1370
208692,11262
208692,30500
208692,35732
208692,56714
208692,63510
208722,1304
208722,1370
208722,10652
208722,11262
208722,30500
208722,35732
208722,54096
208722,56714
208722,57414
208722,59396
208722,62944
208722,63360
208722,63510
208740,1370
208740,11262
208740,57414
208740,63510
208758,1304
208758,1370
208758,11262
208758,30500
208758,33886
208758,56714
208758,57414
208758,57804
208758,62944
208758,63510
208761,1304
208761,11262
208761,30500
208761,35732
208761,63510
208788,124
208788,1304
208788,1370
208788,1372
208788,10652
208788,11262
208788,30500
208788,33886
208788,35732
208788,39186
208788,50274
208788,53160
208788,54096
208788,56714
208788,57414
208788,57804
208788,59394
208788,59396
208788,62074
208788,62944
208788,63136
208788,63360
208788,63510
208788,63538
208794,1304
208794,1370
208794,11262
208794,16358
208794,35846
208797,1304
208797,56714
208806,1304
208806,11262
208806,30500
208806,33886
208806,34092
208806,35846
208806,57414
208806,62944
208806,63510
208812,1304
208812,1370
208812,11262
208812,30500
208812,56714
208812,63510
208821,1304
208821,1370
208821,11262
208821,33886
208821,35732
208821,63510
208872,1304
208872,1370
208872,11262
208872,30500
208872,35846
208872,39186
208872,56714
208872,57414
208872,62944
208872,63510
208881,63510
208893,1304
208893,1370
208893,11262
208893,33886
208893,56714
208893,57414
208893,63510
208899,1304
208899,1370
208899,11262
208899,33886
208899,56714
208899,57414
209073,1304
209073,1370
209073,11262
209073,30500
209073,35732
209073,56714
209094,1372
209154,1304
209154,1370
209154,11262
209184,1370
209184,11262
209622,1304
209622,1370
209622,1372
209622,11262
209622,16358
209622,30500
209622,33534
209622,35732
209622,35846
209622,39186
209622,50274
209622,54096
209622,56714
209622,57414
209622,62944
209622,63188
209622,63510
209637,1304
209637,1370
209637,56714
209697,1304
209697,1370
209697,10652
209697,11262
209697,30500
209697,35732
209697,56714
209793,1304
209793,1372
209793,56714
209793,63188
209793,63510
209796,1370
209796,1372
209796,10652
209796,10808
209796,39186
209796,54096
209796,57414
209796,59396
209796,63188
209796,63510
209799,1370
209799,11262
209799,33886
209799,39186
209799,56714
209799,57414
209799,59396
209799,63136
209799,63360
209829,1304
209829,1370
209829,11262
209880,1370
209880,11262
209880,30500
209880,53160
209880,57414
209880,63360
209880,63510
209970,56714
209976,1304
209976,1370
209976,11262
209976,30500
209976,35732
209976,56696
209976,56714
209976,57414
209976,63510
209994,1304
209994,1370
209994,10652
209994,11262
209994,35732
209994,35846
209994,50720
209994,56714
209994,57414
210000,1370
210000,1372
210000,11262
210045,1370
210045,11262
210051,1304
210051,1370
210051,11262
210051,57414
210114,1304
210114,1370
210114,11262
210114,30500
210114,56714
210114,59396
210114,62074
210114,62944
210114,63510
210120,1304
210120,1370
210129,1370
210129,1372
210129,57414
210141,1304
210141,1370
210141,10652
210141,11262
210141,30500
210141,35732
210141,56714
210141,63360
210168,1304
210168,1370
210168,10808
210168,11262
210168,16358
210168,30500
210168,33886
210168,35732
210168,39186
210168,54096
210168,56714
210168,57414
210168,63188
210171,3382
210171,10652
210171,11262
210171,30500
210171,59394
210171,59396
210171,63510
210186,1304
210186,1372
210186,11262
210186,30500
210186,33886
210186,56714
210186,57414
210186,63188
210186,63510
210234,124
210234,1304
210234,1370
210234,1372
210234,10652
210234,11262
210234,30500
210234,35732
210234,39186
210234,50274
210234,56714
210234,57414
210234,59396
210234,62074
210234,63360
210234,63510
210342,1304
210342,1370
210342,1372
210342,11262
210342,56714
210342,57414
210342,62074
210393,1304
210393,1370
210393,11262
210393,30500
210393,33886
210393,56714
210393,57414
210393,62074
210393,63510
210408,1370
210408,57414
210441,1370
210615,124
210615,1304
210615,1370
210615,1372
210615,3382
210615,10652
210615,11262
210615,16358
210615,30500
210615,33886
210615,35732
210615,36720
210615,36762
210615,39186
210615,48298
210615,50274
210615,54096
210615,57804
210615,59396
210615,61280
210615,62944
210615,63360
210615,63510
210627,1304
210627,1370
210627,10652
210627,11262
210627,30500
210627,56714
210627,57414
210627,62074
210627,63510
210633,1370
210633,11262
210633,63510
210678,1304
210678,1370
210678,10652
210678,11262
210678,30500
210678,35732
210678,56696
210678,57414
210690,1304
210690,1370
210690,11262
210690,33886
210690,56714
210690,57414
210690,63510
210795,1304
210795,1370
210810,1304
210810,1370
210813,11262
210813,56714
210825,1370
210825,10652
210834,1370
210834,10652
210834,11262
210834,33886
210834,56714
210834,57414
210834,63510
210840,57414
210840,62074
210843,1370
210843,11262
210846,1304
210846,11262
210846,30500
210846,56714
210846,57414
210876,1304
210876,1370
210876,1372
210876,11262
210876,16358
210876,30500
210876,33886
210876,35846
210876,56714
210876,57414
210876,62074
210876,63510
210882,1304
210882,1370
210882,11262
210882,30500
210882,57414
210897,1370
210897,11262
210897,57414
210933,60
210954,1304
210954,1370
210954,1372
210954,11262
210954,30500
210954,35732
210954,39186
210954,56714
210954,57414
210978,1370
210978,1372
210978,10652
210978,11262
210978,30500
210978,35846
210978,39186
210978,56714
210978,57414
210978,57804
210978,62944
210978,63510
210981,124
210981,1304
210981,1370
210981,11262
210981,30500
210981,56714
210981,57414
210981,63510
211047,1370
211047,10652
211047,11262
211047,30500
211125,10652
211125,11262
211125,30500
211125,61280
211125,62944
211125,63510
211140,60
211140,10808
211140,36720
211140,50274
211140,51316
211140,56714
211140,57804
211236,1304
211236,1370
211236,11262
211344,124
211344,32496
211344,34092
211344,56714
211344,57804
211344,61280
211383,11262
211383,33886
211383,39186
211383,57414
211383,63186
211386,1370
211386,11262
211386,16358
211386,56714
211386,57414
211407,1304
211407,1370
211407,11262
211407,30500
211407,33886
211407,56714
211407,62074
211413,1304
211413,1370
211413,1372
211413,11262
211413,30500
211413,56714
211413,57414
211413,63510
211473,1304
211473,1370
211473,10652
211473,11262
211473,30500
211473,35732
211473,39186
211473,56714
211473,57414
211473,63510
211476,1304
211476,1370
211476,11262
211476,56714
211476,57414
211524,1304
211524,1370
211524,3382
211524,10652
211524,11262
211524,30500
211524,33886
211524,39186
211524,48980
211524,53160
211524,56714
211524,57414
211524,61280
211524,62074
211524,62860
211524,63136
211524,63360
211524,63510
211524,63538
211524,63540
211527,124
211527,1304
211527,1372
211527,3382
211527,10652
211527,11262
211527,30500
211527,33886
211527,35732
211527,36720
211527,39186
211527,48980
211527,50272
211527,51974
211527,54096
211527,54290
211527,57804
211527,59394
211527,59396
211527,62944
211527,63136
211527,63186
211527,63188
211527,63360
211527,63510
211533,60
211533,124
211533,1304
211533,1370
211533,1372
211533,10652
211533,11262
211533,16358
211533,30500
211533,33534
211533,35732
211533,35846
211533,39186
211533,51316
211533,53160
211533,54096
211533,56714
211533,57414
211533,57804
211533,59396
211533,62074
211533,63218
211533,63510
211533,63540
211542,1304
211542,11262
211548,1304
211548,1372
211548,11262
211548,30500
211548,33886
211548,39186
211548,56714
211548,57414
211548,63510
211632,1370
211632,16358
211632,57414
211638,1304
211638,11262
211638,33534
211638,62074
211641,11262
211641,30500
211641,56714
211683,1304
211683,1370
211683,11262
211683,57414
211740,16358
211749,56714
211749,59396
211749,62944
211749,63186
211761,1304
211761,1370
211761,11262
211761,56714
211761,57414
211767,1370
211767,11262
211767,56714
211767,63510
211806,11262
211806,30500
211806,56714
211812,11262
211812,56714
211815,1304
211815,1370
211815,10652
211815,11262
211815,16358
211815,30500
211815,35732
211815,56714
211815,62074
211947,1304
211947,11262
211947,39186
211947,57414
211950,1304
211950,1370
211950,1372
211950,11262
211950,16358
211950,30500
211950,35732
211950,35846
211950,39186
211950,56714
211950,57414
211950,62074
211950,62944
211950,63186
211950,63510
211965,1304
211965,1370
211965,11262
211965,16358
211965,30500
211965,33534
211965,35846
211965,56714
211965,57414
211989,1304
211989,11262
212112,1370
212112,11262
212112,30500
212112,33886
212112,54096
212112,57414
212112,63186
212181,11262
212211,1304
212211,1370
212211,1372
212211,10652
212211,11262
212211,16358
212211,30500
212211,56714
212211,57414
212211,63510
212220,124
212220,1304
212220,1370
212220,1372
212220,3382
212220,10652
212220,10808
212220,11262
212220,16358
212220,32496
212220,35732
212220,50274
212220,53160
212220,54096
212220,56714
212220,57414
212220,57804
212220,59394
212220,61280
212220,63136
212220,63186
212220,63188
212220,63218
212220,63360
212232,11262
212232,33886
212232,56714
212256,1304
212256,1370
212256,10652
212256,11262
212256,30500
212256,56714
212256,57414
212256,62944
212283,1304
212283,1370
212283,11262
212301,1304
212301,1372
212301,11262
212301,30500
212301,33886
212301,36720
212301,39186
212301,50274
212301,56714
212301,57414
212301,57804
212301,62074
212301,62944
212301,63186
212301,63188
212301,63360
212301,63510
212337,11262
212337,62074
212430,1304
212430,1370
212430,10652
212430,11262
212430,16358
212430,30500
212430,35732
212430,39186
212430,53160
212430,56714
212430,57414
212430,61280
212430,62074
212430,63360
212430,63510
212433,1304
212433,11262
212433,56714
212442,1304
212442,1370
212442,1372
212442,11262
212442,30500
212442,33886
212442,35732
212442,56714
212442,57414
212442,62074
212442,63188
212442,63510
212445,11262
212445,33886
212445,36720
212445,50274
212445,56714
212445,57804
212445,59396
212445,61280
212445,63510
212448,1304
212448,1372
212448,11262
212448,30500
212448,33886
212448,35732
212448,39186
212448,56714
212448,57414
212448,59396
212448,62944
212448,63136
212448,63188
212448,63360
212448,63510
212469,1304
212469,1370
212469,11262
212469,16358
212469,35846
212469,50274
212469,56714
212469,57414
212469,62074
212478,11262
212478,63510
212505,1304
212526,1304
212526,1370
212526,1372
212526,10652
212526,11262
212526,16358
212526,30500
212526,33886
212526,35732
212526,56714
212526,57414
212550,1304
212550,1372
212550,11262
212571,1370
212571,10652
212571,11262
212574,1370
212586,1370
212586,57414
212595,1370
212595,10652
212595,11262
212595,30500
212595,56714
212595,57414
212637,11262
212688,54096
212721,1304
212721,1370
212721,1372
212721,10652
212721,11262
212721,30500
212721,33886
212721,39186
212721,48980
212721,50274
212721,56696
212721,56714
212721,57414
212721,59396
212721,62944
212721,63188
212721,63360
212721,63510
212745,1304
212745,1370
212745,11262
212745,16358
212748,1304
212748,1370
212748,1372
212748,11262
212748,30500
212748,33886
212748,39186
212748,48980
212748,54096
212748,56714
212748,57414
212748,59396
212748,62074
212748,63188
212748,63510
212775,1304
212775,1370
212775,56714
212775,57414
212892,1370
212892,11262
212892,30500
212892,33886
212892,53160
212892,56714
212892,57414
213102,1304
213102,1370
213102,1372
213102,10652
213102,11262
213102,30500
213102,39186
213102,56714
213102,57414
213102,62074
213102,62944
213102,63360
213102,63510
213114,1304
213114,1370
213114,1372
213114,11262
213114,16358
213114,30500
213114,33534
213114,33886
213114,35732
213114,35846
213114,39186
213114,54096
213114,56714
213114,57414
213114,62074
213114,63186
213114,63510
213513,1304
213513,1370
213513,10652
213513,11262
213513,57414
213885,10652
213885,11262
213885,30500
213885,34092
213885,35732
213885,39186
213885,50274
213885,54096
213885,56714
213885,57804
213885,59394
213885,59396
213885,61280
213885,62944
213885,63360
213885,63510
213978,60
213978,36720
213978,50274
213978,56714
213978,57804
214194,1304
214194,11262
214194,62074
214506,1370
214506,11262
214506,16358
214968,1304
214968,1370
214968,10652
214968,11262
214968,30500
214968,56714
214998,10808
214998,50274
214998,56714
214998,57804
215112,10652
215112,11262
215112,30500
215112,39186
215112,50274
215112,56714
215112,59396
215112,63510
215247,39186
215247,61280
215298,1372
215298,30500
215298,56714
215298,57414
215457,1304
215457,35846
215457,57414
215517,1304
215985,11262
215985,30500
215985,33886
216108,1304
216108,1370
216108,1372
216108,10652
216108,11262
216108,30500
216108,35732
216108,56714
216108,57414
216108,63510
216123,1370
216309,56714
216366,11262
216495,1304
216495,1370
216498,1304
216498,1370
216498,1372
216498,10652
216498,11262
216498,16358
216498,30500
216498,56714
216498,57414
216498,63510
216564,36720
216564,50274
216564,56714
216564,57804
216648,1304
216648,1370
216648,11262
216648,30500
216648,35732
216648,53160
216648,56714
216648,57414
216822,1304
216822,1370
216822,10652
216822,11262
216822,11490
216822,30500
216822,56714
216822,57414
216822,63510
216948,1370
216948,1372
216948,56714
216948,62074
216981,1304
216981,1370
216981,1372
216981,10808
216981,11262
216981,57414
217002,1370
217002,11262
217002,35732
217002,56714
217002,57414
217002,62944
217293,1370
217293,11262
217380,1304
217380,1370
217380,56714
217494,1304
217494,1370
217494,11262
217494,33886
217620,1304
217620,1370
217620,1372
217620,62074
217752,1304
217752,1370
217752,11262
217752,54096
217752,63510
217782,124
217782,1304
217782,1370
217782,1372
217782,3382
217782,10652
217782,10808
217782,11262
217782,30500
217782,34092
217782,35732
217782,36720
217782,50274
217782,54096
217782,54290
217782,54864
217782,56714
217782,57414
217782,57804
217782,59394
217782,59396
217782,61280
217782,62944
217782,63188
217782,63360
217782,63510
217782,63540
217848,1304
217848,1370
217848,1372
217848,10652
217848,11262
217848,30500
217848,33886
217848,39186
217848,53160
217848,56714
217848,57414
217848,59394
217848,59396
217848,61280
217848,62074
217848,62944
217848,63136
217848,63360
217848,63510
217872,1304
217872,11262
218061,1304
218061,1370
218061,10652
218061,11262
218061,57414
218121,1370
218121,11262
218265,1304
218265,1370
218265,11262
218265,35732
218265,50718
218265,56714
218265,57414
218673,1304
218673,1370
218673,11262
218673,30500
218673,56714
218673,57414
218958,11262
219021,1304
219021,1370
219021,1372
219021,10652
219021,11262
219021,30500
219021,50720
219021,56714
219021,57414
219021,63188
219030,1370
219048,1304
219048,1370
219048,1372
219048,11262
219048,35732
219048,56714
219048,57414
219048,62074
219132,1304
219132,1370
219132,10652
219132,11262
219132,35846
219132,56714
219231,11262
219231,33886
219231,61280
219231,63510
219381,1370
219381,11262
219381,30500
219381,57414
219420,1370
219420,11262
219450,1304
219450,1370
219450,1372
219450,11262
219450,16358
219450,35846
219450,56714
219450,57414
219450,62074
219456,1304
219522,1370
219522,11262
219522,56714
220011,1370
220011,11262
220011,56714
220011,57414
220095,1370
220170,1304
220170,11262
220170,57414
220179,56714
220218,1370
220218,56714
220218,57414
220218,59396
220269,124
220269,1304
220269,1370
220269,1372
220269,3382
220269,10652
220269,11262
220269,11490
220269,16358
220269,30500
220269,33886
220269,35732
220269,35846
220269,36720
220269,39186
220269,48980
220269,50274
220269,51974
220269,53160
220269,54096
220269,54290
220269,56714
220269,57414
220269,57804
220269,59394
220269,61280
220269,62074
220269,62944
220269,63136
220269,63188
220269,63360
220302,1304
220302,11262
220302,33886
220302,35846
220302,57414
220632,1370
220632,11262
220632,16358
220632,33534
220713,1304
220713,1370
220713,10652
220713,11262
220713,30500
220713,35732
220713,39186
220713,56714
220713,57414
220713,63510
220728,1304
220728,1370
220728,1372
220728,10652
220728,11262
220728,30500
220728,33886
220728,39186
220728,56714
220728,57414
220728,62074
220728,63510
220728,63538
221115,1304
221115,1370
221115,10652
221115,11262
221115,30500
221115,35732
221115,56714
221115,57414
221115,63510
221151,1304
221151,35732
221151,56714
221247,10808
221247,36720
221247,50274
221247,56714
221247,57804
221331,1370
221331,1372
221331,10652
221331,10808
221331,11262
221331,30500
221331,35732
221331,39186
221331,50274
221331,53160
221331,53386
221331,54096
221331,56714
221331,57414
221331,57804
221331,59396
221331,61280
221331,63136
221331,63360
221331,63510
221409,1304
221409,56714
221409,63188
221526,1304
221526,1370
221526,11262
221526,16358
221526,30500
221526,35846
221526,56714
221526,57414
221610,56714
221751,11262
221751,49888
221751,57414
222159,11262
222159,50718
222204,1304
222204,1370
222204,10652
222204,11262
222204,30500
222204,33886
222204,39186
222204,56714
222204,57414
222306,1304
222306,1370
222306,11262
222306,30500
222306,56714
222306,63510
222438,1304
222438,1370
222438,10652
222438,11262
222438,30500
222438,56714
222438,57414
222438,63510
222516,1304
222540,57414
222669,1304
222669,10808
222669,11262
222669,33886
222669,53160
222669,56714
222669,59396
222669,63136
222669,63510
222669,63538
222669,63540
222711,1370
222711,11262
222711,56714
222750,1304
222750,1370
222750,11262
222759,11262
222759,30500
222759,54096
222759,62944
222759,63510
222843,11262
222843,62074
222894,1304
222894,1370
222894,35732
222894,35846
222894,56714
222906,1304
222906,1370
222906,1372
222906,11262
222906,30500
222906,33886
222906,35732
222906,36720
222906,39186
222906,54096
222906,56714
222906,57414
222906,59396
222906,61280
222906,62944
222906,63360
222906,63510
223071,1370
223071,11490
223071,56714
223089,60
223089,10808
223089,36720
223089,50274
223089,56714
223089,57804
223104,1370
223104,11262
223104,30500
223104,62074
223104,63510
223389,56714
223389,57414
223518,1370
223518,11262
223518,57414
223518,62074
223530,1304
223530,11262
223530,30500
223530,57414
223554,1304
223554,11262
223554,30500
223554,56714
223554,57414
223728,1304
223728,1370
223728,11262
223728,16358
223728,30500
223728,33886
223728,35732
223728,56714
223728,57414
223728,62944
223776,1304
223776,1370
223776,11262
223776,30500
223776,53160
223776,56714
223776,57414
223776,63510
223782,1304
223782,1370
223782,11262
223782,56714
223782,57414
223968,1304
223968,1370
223968,10652
223968,11262
223968,30500
223968,56714
223968,57414
223968,62944
223968,63510
224145,1304
224145,1370
224145,1372
224145,11262
224145,30500
224145,39186
224145,49888
224145,56714
224145,57414
224145,59396
224145,62944
224145,63510
224169,124
224169,1304
224169,1370
224169,1372
224169,10652
224169,11262
224169,30500
224169,33886
224169,35732
224169,39186
224169,49888
224169,50274
224169,54096
224169,56714
224169,57414
224169,59396
224169,62860
224169,62944
224169,63188
224169,63510
224208,63510
224211,1370
224211,11262
224211,30500
224211,54096
224211,56714
224211,62944
224211,63188
224211,63510
224280,1370
224280,57414
224526,1304
224526,1370
224526,10652
224526,11262
224526,30500
224631,1304
224631,1370
224631,1372
224631,10652
224631,11262
224631,39186
224841,1370
224841,11262
224841,35732
224841,57414
224874,1370
224874,50720
224874,56714
224874,57414
224874,57804
224925,1370
224925,11262
224925,30500
224925,56714
224931,1370
224931,11262
224931,30500
224931,35732
224931,56714
224931,57414
225012,1370
225012,11262
225012,56714
225012,57414
225276,1304
225276,1370
225276,11262
225276,30500
225276,56714
225351,1370
225351,11262
225351,57414
225390,1370
225390,11262
225393,124
225393,1304
225393,1370
225393,1372
225393,10652
225393,11262
225393,30500
225393,33534
225393,33886
225393,35732
225393,35846
225393,36720
225393,39186
225393,48980
225393,50272
225393,54096
225393,56714
225393,57414
225393,59394
225393,59396
225393,62944
225393,63136
225393,63186
225393,63188
225393,63360
225393,63510
225396,1370
225396,10652
225396,11262
225480,1304
225480,1370
225501,124
225501,1304
225501,1370
225501,1372
225501,10652
225501,11262
225501,16358
225501,30500
225501,33886
225501,35732
225501,39186
225501,48980
225501,50718
225501,56714
225501,57414
225501,62944
225501,63360
225501,63510
225669,1304
225669,1370
225669,11262
225669,33886
225669,35732
225672,1370
225672,10652
225672,11262
225672,35846
225672,56714
225672,57414
225672,62074
225699,1304
225699,1370
225699,10652
225699,11262
225699,33886
225699,56714
225747,1370
225747,11262
225747,53160
225747,57414
225972,1370
225972,16358
226140,11262
226140,39186
226140,62944
226140,63360
226140,63510
226623,1304
226623,1370
226623,11262
226623,30500
226623,56714
226623,57414
226623,62074
226662,1304
226662,1370
226662,11262
226662,30500
226662,33886
226662,56714
226662,57414
226662,59396
226662,62074
226662,63510
226848,1304
226848,1370
226848,11262
227115,1304
227115,1370
227115,11262
227115,33886
227115,57414
227115,63510
227223,1304
227223,1370
227238,1370
227238,10652
227238,11262
227292,1304
227292,1370
227292,1372
227292,10652
227292,11262
227292,30500
227292,35732
227292,39186
227292,56714
227292,57414
227292,62074
227292,62860
227292,63510
227295,1304
227295,1370
227295,10652
227295,11262
227295,30500
227295,35732
227295,39186
227295,56714
227295,57414
227295,62074
227310,1304
227310,1370
227310,11262
227310,30500
227310,33886
227310,34092
227310,35732
227310,39186
227310,50274
227310,56714
227310,57414
227310,59396
227310,62944
227310,63510
227343,1304
227343,1370
227343,1372
227343,10652
227343,11262
227343,16358
227343,30500
227343,35846
227343,56714
227343,57414
227343,63510
227469,1304
227469,1370
227469,1372
227469,10652
227469,11262
227469,35732
227469,39186
227469,50274
227469,57414
227469,63188
227469,63360
227616,1304
227616,1370
227616,1372
227616,11262
227616,30500
227616,35846
227616,57414
227616,63186
227616,63188
227664,1370
227664,1372
227664,39186
227664,56714
227664,57414
227670,1370
227670,10652
227670,11262
227670,30500
227670,56714
227670,57414
227670,63510
227829,1304
227829,1372
227829,11262
227829,33886
227973,1370
227973,11262
227973,30500
227973,56714
227973,63510
227988,1304
227988,1370
227988,11262
227988,35732
227988,56714
227988,57414
227988,62074
228024,1304
228024,1370
228024,10652
228024,11262
228024,30500
228024,33886
228024,56714
228060,1304
228060,1370
228060,1372
228060,11262
228060,16358
228060,30500
228060,33886
228060,35846
228060,56714
228060,57414
228060,62074
228060,63510
228315,1304
228315,1370
228315,56714
228315,62074
228438,1304
228438,1370
228564,11262
228564,30500
228687,1370
228687,56714
228729,1304
228729,1370
228729,10652
228729,11262
228729,30500
228729,35732
228729,56714
228729,57414
228729,63510
228741,1304
228741,1370
228741,11262
228753,1370
228753,11262
228948,60
228948,1304
228948,1372
228948,54096
228948,63186
229263,1370
229341,1304
229341,11262
229341,30500
229341,56714
229341,57414
229473,1304
229473,1370
229473,11262
229473,30500
229473,35732
229473,63510
229521,1304
229521,1370
229521,10652
229521,11262
229521,30500
229521,35732
229521,39186
229521,54096
229521,56714
229521,57414
229521,59396
229521,61280
229521,62944
229521,63510
229527,1370
229527,1372
229527,11262
229527,30500
229527,33886
229527,39186
229527,56714
229527,57414
229527,62074
229527,63186
229527,63188
229536,1370
229536,30500
229536,39186
229539,33886
229539,39186
229539,50274
229539,56714
229539,59396
229620,1304
229620,11262
229620,30500
229620,35732
229620,57414
229620,63510
229737,1370
229737,10652
229737,11262
229737,16358
229737,62074
229812,1370
229977,1370
229977,1372
229977,10652
229977,10808
229977,11262
229977,33886
229977,39186
229977,56714
230010,1370
230010,1372
230010,11262
230010,16358
230010,56714
230010,57414
230028,1304
230028,1370
230028,11262
230028,30500
230028,33886
230028,56714
230028,63510
230073,1304
230073,1370
230073,10652
230073,11262
230073,30500
230073,56714
230073,57414
230073,63510
230091,1304
230091,1370
230091,11262
230091,30500
230091,35732
230091,39186
230091,54096
230091,56714
230178,1304
230178,1370
230178,1372
230178,11262
230178,35732
230286,1304
230286,1370
230286,11262
230286,33886
230286,56714
230286,57414
230286,62944
230331,1370
230331,1372
230331,11262
230331,33886
230331,56714
230331,63510
230604,1304
230604,1370
230604,11262
230604,53160
231057,1304
231057,1370
231057,10652
231057,11262
231057,30500
231057,33886
231057,39186
231057,53160
231057,54096
231057,56714
231057,57414
231057,57804
231057,59396
231057,62074
231057,62944
231057,63510
231096,1370
231102,1370
231102,11262
231102,54096
231102,56714
231102,57414
231144,10652
231144,11262
231144,30500
231144,56714
231144,63510
231162,1304
231162,1370
231162,11262
231162,56714
231225,1370
231225,1372
231225,11262
231225,57414
231225,62074
231225,63188
231282,1304
231282,11262
231282,30500
231282,56714
231282,57414
231282,63510
231414,62074
231459,1304
231459,1370
231459,56714
231663,1370
231663,11262
231663,33886
231663,56714
231663,57414
231708,1370
231708,11262
231708,35732
231708,56714
231708,57414
231876,1304
231876,1370
231876,11262
231876,16358
231876,33886
231876,56714
231900,1304
231900,1370
231900,1372
231900,11262
231900,57414
231900,63188
231909,1370
231909,57414
232029,1370
232029,1372
232029,11262
232029,30500
232029,35732
232029,56714
232029,63188
232035,1304
232035,1370
232035,1372
232035,11262
232035,30500
232035,50718
232035,56714
232035,57414
232035,63510
232065,124
232065,1370
232065,1372
232065,10652
232065,11262
232065,30500
232065,34092
232065,35732
232065,36720
232065,50274
232065,54096
232065,54290
232065,56714
232065,57414
232065,57804
232065,59394
232065,61280
232065,62376
232065,62944
232065,63136
232065,63188
232065,63360
232065,63510
232068,1304
232068,1370
232068,10652
232068,11262
232068,30500
232068,33886
232068,35732
232068,56714
232068,57414
232068,63510
232269,1304
232269,1370
232269,1372
232269,11262
232269,30500
232269,33886
232269,35732
232269,56714
232269,57414
232269,59396
232269,62944
232269,63510
232404,1304
232404,1370
232404,11262
232404,30500
232404,56714
232404,57414
232404,62074
232410,1304
232410,1370
232410,11262
232410,30500
232410,35732
232410,56714
232410,63510
232452,1304
232452,1370
232452,57414
232455,1370
232455,11262
232455,16358
232455,30500
232455,33886
232455,35732
232455,53160
232455,56714
232455,57414
232455,59396
232455,62074
232455,62944
232455,63510
232614,1370
232614,11262
232614,57414
232656,1304
232656,1370
232656,11262
232656,57414
232656,62074
232827,1304
232827,1370
232827,1372
232827,10652
232827,11262
232827,30500
232827,35732
232827,56714
232827,57414
232827,62944
232827,63188
232827,63510
233091,1304
233091,1370
233091,1372
233091,11262
233091,33886
233091,35732
233091,56714
233091,57414
233163,33886
233427,1370
233559,1370
233559,56714
233961,1370
233970,1304
233970,1370
233970,10652
233970,11262
233970,30500
233970,33886
233970,35732
233970,56714
233970,63510
234018,1304
234018,1370
234018,1372
234018,11262
234018,30500
234018,50718
234018,56696
234021,1304
234021,1370
234021,11262
234021,30500
234021,33886
234021,35732
234021,56714
234021,57414
234021,63510
234030,1304
234030,1370
234030,11262
234030,57414
234093,1304
234093,10652
234093,11262
234093,30500
234093,33886
234093,35732
234093,56714
234093,57414
234093,59396
234093,62074
234093,62378
234093,62944
234093,63510
234120,1370
234120,11262
234120,56714
234129,11262
234156,1304
234156,1370
234156,11262
234156,30500
234156,33886
234156,62074
234297,1304
234297,1370
234297,10652
234297,11262
234297,30500
234297,33886
234297,39186
234297,50274
234297,53160
234297,54096
234297,56714
234297,57414
234297,59396
234297,61280
234297,62944
234297,63510
234555,11262
234864,1370
234864,30500
234864,56714
234864,57414
234951,10808
234951,50274
234951,56714
234951,57414
234972,1304
234972,1370
234972,11262
234972,30500
234972,50718
234972,56696
234972,62074
234972,63188
235191,11262
235299,1304
235299,1370
235299,1372
235299,10652
235299,11262
235299,56696
235299,56714
235299,57414
235335,10652
235335,11262
235335,30500
235335,33886
235335,34092
235335,39186
235335,50718
235335,53160
235335,54096
235335,56714
235335,61280
235335,62944
235335,63136
235335,63360
235335,63510
235380,11262
235458,1370
235458,11262
235458,30500
235458,34092
235458,50274
235458,63510
235932,1370
235932,11262
235932,30500
235932,33886
235932,56714
236115,1304
236115,1370
236115,11262
236115,11490
236115,30500
236115,56714
236115,57414
236226,1304
236226,1370
236226,10652
236226,11262
236226,30500
236226,32496
236226,35732
236226,39186
236226,53160
236226,56714
236226,57414
236226,57804
236226,59396
236226,62944
236226,63360
236226,63510
236490,1304
236490,1370
236490,35846
236490,56714
236490,57414
236520,60
236520,1372
236520,10808
236520,36720
236520,50274
236520,51316
236520,56714
236520,57804
236520,59394
236655,1304
236655,1370
236655,1372
236655,10652
236655,11262
236655,35732
236766,1304
236766,1370
236766,11262
236766,56714
236775,1370
236775,10652
236775,11262
236775,30500
236775,56714
236775,57414
236775,63510
237057,1304
237057,1370
237057,1372
237057,11262
237195,1304
237195,1370
237195,11262
237195,57414
237252,1304
237252,1370
237252,10652
237252,11262
237252,35732
237252,50718
237252,56714
237300,124
237300,1304
237300,1370
237300,1372
237300,10652
237300,11262
237300,30500
237300,35732
237300,50718
237300,56696
237300,57414
237300,62074
237300,63510
237765,1304
237765,56714
237804,1370
237804,11262
237804,30500
237804,56714
237804,57414
237804,62074
237804,63510
238032,124
238032,1370
238032,3382
238032,10652
238032,11262
238032,30500
238032,33886
238032,35732
238032,39186
238032,48980
238032,56714
238032,57414
238032,63510
238068,1370
238068,10652
238068,30500
238068,56714
238068,62074
238068,62944
238218,1304
238218,1370
238218,11262
238218,30500
238218,35732
238218,56714
238263,1304
238263,1370
238263,11262
238263,33886
238263,56714
238263,57414
238263,62074
238263,63510
238293,124
238293,1304
238293,1370
238293,1372
238293,10652
238293,11262
238293,30500
238293,33886
238293,35732
238293,39186
238293,48980
238293,53160
238293,54096
238293,56714
238293,57414
238293,59396
238293,62074
238293,62944
238293,63136
238293,63360
238293,63510
238377,11262
238377,30500
238377,33534
238377,56714
238377,57414
238377,59396
238377,62074
238377,62944
238377,63510
238536,1370
238536,1372
238536,11262
238536,57414
238536,62074
238572,1304
238572,1370
238572,1372
238572,11262
238572,33886
238572,50718
238572,63510
238608,1370
238608,11262
238608,56714
238608,62074
238611,1370
238611,11262
238689,1304
238689,56714
238689,57414
238689,62074
238827,1304
238827,1370
238827,11262
238827,33886
238827,54096
238827,56714
238875,1304
238875,1370
238875,1372
238875,11262
238875,56714
238875,57414
238878,1304
238878,1370
238878,1372
238878,11262
238878,54096
238878,57414
238878,62074
238878,63540
238887,1370
238887,57414
239115,1304
239247,1370
239247,11262
239247,33886
239247,56714
239508,11262
239508,30500
239508,35846
239556,1304
239556,1370
239556,10652
239556,11262
239556,30500
239556,53160
239556,56714
239556,57414
239577,1370
239577,11262
239577,30500
239577,56714
239577,57414
240852,1370
240852,11262
240852,16358
240912,1370
240912,56714
240939,1304
240939,11262
240939,30500
240939,33886
240939,53160
240939,56714
240939,57414
240939,63510
240990,1370
240990,11262
240990,16358
240990,50718
240990,56714
240990,57414
240990,63510
241026,1304
241026,11262
241026,56714
241203,1304
241203,56714
241218,56714
241263,1370
241263,11262
241263,35732
241305,1304
241305,1370
241305,10652
241305,11262
241305,30500
241305,33886
241305,56714
241305,57414
241305,59396
241305,62944
241305,63510
241329,1370
241329,11262
241329,57414
241350,11262
241389,1304
241389,1370
241389,11262
241389,30500
241389,57414
241389,63510
241824,1304
241824,1370
241824,11262
241824,30500
241824,33886
241824,56714
241824,63360
241824,63510
242130,60
242130,10808
242130,50274
242130,56714
242130,57804
242151,1304
242151,1370
242151,1372
242151,11262
242151,30500
242151,33886
242151,39186
242151,56714
242151,57414
242151,62074
242151,62944
242151,63510
242232,1304
242232,1372
242232,10652
242232,11262
242232,30500
242232,33886
242232,35846
242232,39186
242232,54096
242232,56714
242232,57414
242232,62074
242232,62274
242232,62944
242232,63186
242232,63510
242388,124
242388,10652
242388,11262
242388,30500
242388,33534
242388,33886
242388,39186
242388,56714
242388,59396
242388,62944
242388,63136
242388,63186
242388,63360
242388,63510
242388,63538
242409,1304
242409,1370
242409,11262
242409,30500
242409,56714
242409,57414
242409,62074
242409,63510
242412,1304
242412,1372
242412,11262
242412,30500
242412,33886
242412,56714
242412,62944
242412,63510
242415,11262
242430,1370
242430,35846
242439,1304
242439,1370
242439,11262
242439,33886
242439,35732
242439,53160
242439,56714
242439,57414
242439,63510
242442,1304
242442,1370
242442,1372
242442,10652
242442,11262
242442,30500
242442,33886
242442,35732
242442,39186
242442,48980
242442,54096
242442,56714
242442,57414
242442,57804
242442,59394
242442,59396
242442,62944
242442,63188
242442,63510
242505,1304
242505,1370
242556,1304
242556,1370
242556,11262
242556,30500
242556,34092
242556,56714
242556,57414
242556,63510
242571,11262
242571,63510
242610,60
242610,59396
242619,1370
242619,10652
242619,11262
242619,56714
242619,57414
242619,63510
242856,1370
242856,11262
242856,16358
242856,56714
242856,57414
242856,63510
243408,1370
243408,11262
243408,56714
243477,1304
243477,1370
243546,1370
243546,11262
243546,30500
243546,33886
243546,56714
243789,1304
243789,1370
243789,11262
243789,56714
243789,57414
243927,1304
243927,1370
243927,1372
243927,10652
243927,11262
243927,30500
243927,33886
243927,56714
243927,57414
243927,63510
244005,1370
244005,1372
244005,11262
244005,16358
244005,30500
244005,54096
244005,56714
244005,63186
244041,1304
244041,1370
244041,11262
244041,30500
244092,1370
244158,1370
244158,56714
244158,57414
244173,11262
244173,56696
244278,1304
244278,1370
244278,10652
244278,11262
244278,30500
244278,35732
244278,56714
244278,57414
244278,61280
244278,63510
244287,1304
244287,1370
244287,1372
244287,10652
244287,11262
244287,30500
244287,33886
244287,35732
244287,54096
244287,56714
244287,57414
244287,59396
244287,62944
244287,63188
244287,63510
244380,1304
244380,11262
244380,30500
244380,56714
244380,57414
244380,62074
244380,62944
244380,63360
244380,63510
244404,1370
244404,56714
244404,57414
244404,62074
244404,63360
244446,1370
244446,11262
244446,57414
244479,1304
244479,57414
244479,63510
244680,1304
244680,1370
244680,10652
244680,11262
244680,16358
244680,30500
244680,35732
244680,56714
244680,57414
244680,62074
244680,63188
244680,63510
244731,1370
244731,10652
244731,11262
244731,30500
244731,33886
244731,35732
244731,36720
244731,39186
244731,50274
244731,54096
244731,56714
244731,59396
244731,61280
244731,63360
244731,63510
244866,1370
244866,56714
244878,1304
244878,11262
244878,56714
244971,30500
244971,39186
244971,50274
244971,56714
244971,59396
244971,62944
244971,63510
245046,1370
245046,11262
245046,30500
245046,57414
245046,62074
245154,11262
245154,30500
245631,1304
245631,1370
245631,1372
245631,30500
245631,33886
245631,56714
245631,57414
245631,63188
245631,63510
245706,1370
245976,1304
245976,1370
245976,11262
245976,33886
245976,57414
246042,56714
246054,1370
246054,11262
246054,33886
246054,56714
246099,1370
246099,30500
246099,39186
246099,56714
246099,57414
246099,63510
246150,1304
246150,1370
246150,10808
246150,11262
246150,30500
246150,35732
246150,50718
246150,53160
246150,56714
246150,57414
246150,63188
246150,63360
246150,63510
246216,11262
246216,56714
246216,57414
246216,63510
246339,1304
246339,57414
246618,11262
246618,35732
246618,35846
246618,56714
246627,1304
246627,11262
246627,30500
246627,54096
246627,56714
246627,57414
246627,62074
246627,62378
246627,62944
246627,63510
246711,1370
246711,11262
246711,53160
246711,56714
246711,57414
246711,62378
246711,63188
246711,63510
246720,1304
246720,1370
246720,10652
246720,11262
246720,30500
246720,35732
246720,56714
246720,57414
246804,1304
246804,1370
246858,10652
246858,11262
246858,30500
246858,33886
246858,35732
246858,49888
246858,63510
246915,1304
246915,1370
246915,10652
246915,11262
246963,1370
246963,10652
246963,11262
246963,16358
246963,30500
246963,39186
246963,53160
246963,56714
246963,57414
246963,59396
246963,62074
246963,62944
246963,63136
246963,63360
246963,63510
247002,10652
247002,11262
247002,30500
247002,39186
247002,59396
247002,62944
247002,63510
247029,1370
247134,1370
247134,11262
247134,16358
247260,49888
247374,1304
247374,1370
247374,11262
247374,56714
247374,57414
247548,1304
247548,1370
247548,11262
247632,1372
247632,10652
247632,11262
247632,57414
247878,1370
247878,56714
247956,1370
247956,1372
247956,10652
247956,11262
247956,35732
247956,35846
247956,56714
247956,57414
247962,124
247962,11262
247962,30500
247962,54096
247962,56714
247962,57804
247962,59396
247962,62944
247962,63510
247974,1370
247974,11262
247974,35732
247983,1304
247983,1372
247983,10652
247983,11262
247983,30500
247983,39186
247983,54096
247983,56714
247983,57414
247983,62074
247983,62944
247983,63186
247983,63510
247986,1304
247986,11262
247986,30500
247986,56714
247986,57414
247986,62074
247989,1304
247989,1370
247989,3382
247989,10652
247989,11262
247989,30500
247989,35846
247989,39186
247989,56714
247989,57414
248013,1304
248013,1370
248013,30500
248013,57414
248013,62074
248013,62944
248013,63510
248061,1304
248061,1370
248061,10652
248061,11262
248061,30500
248061,39186
248061,57414
248061,63510
248064,1304
248064,1370
248064,11262
248064,56714
248178,1304
248178,1370
248178,11262
248178,56714
248178,57414
248178,63510
248202,1304
248202,1370
248202,11262
248202,30500
248202,35732
248202,56714
248202,57414
248202,62074
248202,63510
248205,1370
248205,10652
248205,11262
248205,30500
248205,39186
248205,57414
248205,63510
248250,1370
248250,63510
248292,1370
248292,11262
248292,30500
248292,33886
248292,56714
248292,57414
248301,1304
248301,1370
248301,10652
248301,11262
248301,30500
248301,34092
248301,35732
248301,53160
248301,56714
248301,57414
248373,1304
248373,11262
248373,30500
248373,59396
248373,62944
248373,63510
248550,1370
248550,56714
248550,57414
248682,1370
248682,11262
248706,1370
248706,11262
248706,16358
248706,56714
248724,1370
248724,11262
248724,30500
248724,56714
248796,10652
248796,11262
248796,30500
248796,33886
248796,34092
248796,48980
248796,54096
248796,56714
248796,57414
248796,57804
248796,59396
248796,63360
248796,63418
248796,63510
248871,1304
248871,1370
248871,11262
249063,1370
249063,56714
249063,57414
249081,1304
249081,1370
249081,10652
249081,11262
249081,33886
249081,35732
249081,56714
249159,1370
249159,11262
249159,56714
249207,1370
249207,11262
249216,1304
249216,1370
249216,11262
249216,33886
249216,63510
249222,30500
249294,1304
249294,1370
249294,10652
249294,11262
249294,30500
249294,33886
249294,57414
249294,63510
249297,1304
249297,1370
249297,11262
249342,1304
249342,1370
249342,1372
249342,11262
249342,16358
249342,30500
249342,33886
249342,34092
249342,35732
249342,35846
249342,36720
249342,39186
249342,50274
249342,53160
249342,54096
249342,56714
249342,57414
249342,59394
249342,59396
249342,61280
249342,62944
249342,63136
249342,63186
249342,63360
249342,63510
249342,63540
249486,1304
249486,1370
249486,11262
249486,30500
249486,33886
249486,56714
249486,57414
249486,59394
249486,62074
249486,63510
249513,1304
249513,1370
249513,11262
249513,56714
249567,1304
249567,1370
249567,11262
249567,56714
249567,57414
249567,62074
249579,1304
249633,1304
249633,1370
249633,10652
249633,11262
249633,16358
249633,33534
249633,33886
249633,35732
249633,35846
249633,56714
249633,57414
249633,63510
249687,1370
249687,1372
249687,11262
249687,33886
249687,56714
249687,57414
249687,62944
249687,63510
249795,1304
249795,1370
249795,11262
249795,30500
249795,63510
249855,11262
249855,33886
249855,56714
249930,1304
249930,1370
249930,10652
249930,11262
249930,33886
249930,56714
249930,57414
249930,62074
249930,63510
249981,1370
249981,11262
249981,33886
249981,56714
250020,1304
250020,1370
250020,11262
250020,16358
250020,33886
250020,57414
250020,63510
250221,1304
250221,1370
250221,11262
250221,16358
250221,30500
250221,33534
250221,35732
250221,56714
250221,57414
250221,63510
250275,11262
250275,33534
250275,33886
250275,35846
250275,56714
250275,57414
250275,62074
250275,62944
250362,1370
250362,11262
250362,63510
250434,1304
250434,1370
250434,1372
250434,10652
250434,11262
250434,16358
250434,30500
250434,33886
250434,34092
250434,35732
250434,35846
250434,50274
250434,53160
250434,56714
250434,57414
250434,59396
250434,61280
250434,62074
250434,62944
250434,63136
250434,63186
250434,63188
250434,63360
250434,63510
250629,11262
250629,30500
250629,57414
250629,63510
250653,1304
250653,1370
250653,11262
250653,30500
250653,33886
250653,35732
250653,39186
250653,53160
250653,56714
250653,57414
250653,59396
250653,62074
250653,63136
250653,63510
250668,1304
250668,1370
250668,11262
250749,11262
250749,33886
250782,1304
250782,1370
250782,11262
250947,1304
250947,1370
250947,11262
250947,30500
250947,34092
250947,56714
250947,57414
250947,63510
250974,1370
250974,32496
250974,56714
250977,1304
250977,1370
250977,11262
250977,30500
250977,33886
250977,35732
250977,56714
250977,57414
250977,62074
250977,63360
250977,63510
251085,1304
251085,11262
251085,30500
251085,39186
251085,57414
251085,62944
251085,63510
251106,1370
251106,11262
251106,30500
251106,56714
251106,63510
251142,1304
251142,1370
251142,35732
251169,1304
251169,1370
251169,11262
251202,11262
251202,30500
251202,62944
251202,63510
251235,1370
251235,10652
251235,11262
251235,30500
251235,56714
251235,63510
251253,1304
251253,1370
251253,11262
251253,33886
251253,62074
251442,124
251442,1370
251442,10652
251442,11262
251442,16358
251442,30500
251442,33886
251442,35732
251442,39186
251442,53160
251442,53386
251442,54096
251442,56714
251442,57414
251442,59396
251442,62074
251442,62944
251442,63186
251442,63188
251442,63510
251493,11262
251493,33886
251493,34092
251493,56714
251493,62074
251610,1304
251610,1370
251610,11262
251610,35732
251610,56714
251610,63188
251610,63510
251619,124
251619,1304
251619,11262
251619,30500
251619,33886
251619,35732
251619,36720
251619,39186
251619,54096
251619,54290
251619,56714
251619,57414
251619,57804
251619,59394
251619,59396
251619,61280
251619,62074
251619,62944
251619,63188
251619,63510
251625,1370
251625,11262
251625,56714
251625,57414
251625,63510
251631,1304
251631,1370
251631,11262
251631,30500
251631,33886
251631,39186
251631,56714
251631,57414
251631,59396
251631,62944
251631,63360
251631,63510
251643,1304
251643,1370
251643,10652
251643,11262
251643,16358
251643,30500
251643,35732
251643,56714
251643,57414
251643,62376
251643,63510
251721,1370
251721,56714
251721,57414
251721,63510
251766,11262
251829,1304
251829,11262
251829,30500
251829,62944
251829,63510
251967,11262
251967,30500
251967,33886
251967,56714
251967,57414
252057,50274
252066,10652
252066,11262
252081,11262
252081,53160
252081,56714
252081,63510
252081,63540
252177,1370
252177,10652
252177,11262
252177,56714
252177,57414
252177,63188
252177,63510
252210,1304
252210,11262
252210,30500
252210,56696
252210,56714
252210,57414
252210,63510
252375,1304
252375,11262
252375,30500
252375,56714
252375,57414
252375,63510
252396,11262
252396,30500
252396,33886
252405,1370
252405,11262
252480,1304
252480,30500
252480,56714
252480,57414
252618,57414
252696,1370
252696,11262
252696,56714
252774,11262
252774,30500
252774,33886
252774,57414
253098,1304
253098,1370
253098,11262
253146,1304
253146,10652
253146,56714
253191,1370
253191,11262
253191,57414
253191,63510
253308,1370
253308,11262
253335,1304
253335,1370
253335,11262
253416,56714
253506,1370
253506,11262
253557,124
253557,1372
253557,10652
253557,11262
253557,48298
253557,50274
253557,56714
253557,63360
253557,63418
253557,63510
253578,53160
253671,1370
253671,57414
253683,1370
253683,57414
253683,63510
253866,10652
253866,11262
253866,63136
253866,63360
253866,63510
457455,50274
457455,57804
2061063,124
2061063,1304
2061063,1370
2061063,11262
2061063,30500
2061063,57414
2061063,63510
